source_id,source_url,target_url,anchor_text,location,type,target_status,new_or_existing
01,https://mathanoibacninh.com/gioi-thieu/,https://mathanoibacninh.com/lien-he/,địa chỉ và cách liên hệ,draft body,contextual,publish,new proposal
01,https://mathanoibacninh.com/gioi-thieu/,https://mathanoibacninh.com/dat-lich-kham/,đặt lịch khám,draft body,contextual,publish,new proposal
01,https://mathanoibacninh.com/gioi-thieu/,https://mathanoibacninh.com/chuyen-khoa/,các lĩnh vực chuyên khoa,draft body,contextual,publish,new proposal
01,https://mathanoibacninh.com/gioi-thieu/,https://mathanoibacninh.com/doi-ngu-bac-si/,đội ngũ bác sĩ,draft body,contextual,publish,new proposal
01,https://mathanoibacninh.com/gioi-thieu/,https://mathanoibacninh.com/kien-thuc/di-kham-mat-can-chuan-bi-gi/,danh sách chuẩn bị,draft body,contextual,publish,new proposal
01,https://mathanoibacninh.com/gioi-thieu/,https://mathanoibacninh.com/bang-gia/,bảng giá đang công bố,draft body,contextual,publish,new proposal
01,https://mathanoibacninh.com/gioi-thieu/,https://mathanoibacninh.com/bang-gia/,bảng giá,draft body,contextual,publish,new proposal
01,https://mathanoibacninh.com/gioi-thieu/,https://mathanoibacninh.com/gioi-thieu/,Giới thiệu,draft body,source,publish,new proposal
01,https://mathanoibacninh.com/gioi-thieu/,https://mathanoibacninh.com/lien-he/,Liên hệ,draft body,contextual,publish,new proposal
01,https://mathanoibacninh.com/gioi-thieu/,https://mathanoibacninh.com/dat-lich-kham/,Đặt lịch,draft body,contextual,publish,new proposal
02,https://mathanoibacninh.com/lien-he/,https://mathanoibacninh.com/dat-lich-kham/,trang đặt lịch khám,draft body,contextual,publish,new proposal
02,https://mathanoibacninh.com/lien-he/,https://mathanoibacninh.com/kien-thuc/di-kham-mat-can-chuan-bi-gi/,hướng dẫn chuẩn bị đi khám,draft body,contextual,publish,new proposal
02,https://mathanoibacninh.com/lien-he/,https://mathanoibacninh.com/doi-ngu-bac-si/,đội ngũ bác sĩ,draft body,contextual,publish,new proposal
02,https://mathanoibacninh.com/lien-he/,https://mathanoibacninh.com/lien-he/,Liên hệ bệnh viện,draft body,source,publish,new proposal
03,https://mathanoibacninh.com/dat-lich-kham/,https://mathanoibacninh.com/doi-ngu-bac-si/,hồ sơ đội ngũ bác sĩ,draft body,contextual,publish,new proposal
03,https://mathanoibacninh.com/dat-lich-kham/,https://mathanoibacninh.com/bang-gia/,bảng giá,draft body,contextual,publish,new proposal
03,https://mathanoibacninh.com/dat-lich-kham/,https://mathanoibacninh.com/kien-thuc/di-kham-mat-can-chuan-bi-gi/,đi khám mắt cần chuẩn bị gì,draft body,contextual,publish,new proposal
03,https://mathanoibacninh.com/dat-lich-kham/,https://mathanoibacninh.com/dat-lich-kham/,Trang đặt lịch,draft body,source,publish,new proposal
03,https://mathanoibacninh.com/dat-lich-kham/,https://mathanoibacninh.com/lien-he/,Liên hệ,draft body,source,publish,new proposal
04,https://mathanoibacninh.com/bang-gia/,https://mathanoibacninh.com/dat-lich-kham/,gửi yêu cầu đặt lịch,draft body,contextual,publish,new proposal
04,https://mathanoibacninh.com/bang-gia/,https://mathanoibacninh.com/bang-gia/,Bảng giá bệnh viện,draft body,source,publish,new proposal
05,https://mathanoibacninh.com/kien-thuc/di-kham-mat-can-chuan-bi-gi/,https://mathanoibacninh.com/kien-thuc/quy-trinh-kham-mat-gom-may-buoc/,quy trình khám mắt,draft body,contextual,publish,new proposal
05,https://mathanoibacninh.com/kien-thuc/di-kham-mat-can-chuan-bi-gi/,https://mathanoibacninh.com/dat-lich-kham/,giờ và cách đặt lịch,draft body,contextual,publish,new proposal
05,https://mathanoibacninh.com/kien-thuc/di-kham-mat-can-chuan-bi-gi/,https://mathanoibacninh.com/bang-gia/,bảng giá,draft body,contextual,publish,new proposal
05,https://mathanoibacninh.com/kien-thuc/di-kham-mat-can-chuan-bi-gi/,https://mathanoibacninh.com/kien-thuc/di-kham-mat-can-chuan-bi-gi/,Hướng dẫn hiện có của bệnh viện,draft body,contextual,publish,new proposal
06,https://mathanoibacninh.com/doi-ngu-bac-si/,https://mathanoibacninh.com/dat-lich-kham/,gửi yêu cầu đặt lịch,draft body,contextual,publish,new proposal
06,https://mathanoibacninh.com/doi-ngu-bac-si/,https://mathanoibacninh.com/kien-thuc/,thư viện kiến thức mắt,draft body,contextual,publish,new proposal
06,https://mathanoibacninh.com/doi-ngu-bac-si/,https://mathanoibacninh.com/doi-ngu-bac-si/,Trang đội ngũ bác sĩ,draft body,source,publish,new proposal
06,https://mathanoibacninh.com/doi-ngu-bac-si/,https://mathanoibacninh.com/dat-lich-kham/,Trang đặt lịch,draft body,contextual,publish,new proposal
07,https://mathanoibacninh.com/kien-thuc/bhyt-kham-mat-tai-benh-vien-mat-ha-noi-bac-ninh/,https://mathanoibacninh.com/bang-gia/,bảng giá,draft body,contextual,publish,new proposal
07,https://mathanoibacninh.com/kien-thuc/bhyt-kham-mat-tai-benh-vien-mat-ha-noi-bac-ninh/,https://mathanoibacninh.com/kien-thuc/di-kham-mat-can-chuan-bi-gi/,hướng dẫn khám lần đầu,draft body,contextual,publish,new proposal
07,https://mathanoibacninh.com/kien-thuc/bhyt-kham-mat-tai-benh-vien-mat-ha-noi-bac-ninh/,https://mathanoibacninh.com/dat-lich-kham/,đặt lịch,draft body,contextual,publish,new proposal
07,https://mathanoibacninh.com/kien-thuc/bhyt-kham-mat-tai-benh-vien-mat-ha-noi-bac-ninh/,https://mathanoibacninh.com/kien-thuc/bao-hiem-y-te-kham-mat-the-nao/,cơ chế BHYT khi khám mắt,draft body,contextual,publish,new proposal
07,https://mathanoibacninh.com/kien-thuc/bhyt-kham-mat-tai-benh-vien-mat-ha-noi-bac-ninh/,https://mathanoibacninh.com/kien-thuc/bao-hiem-y-te-kham-mat-the-nao/,bài BHYT chung trên website,draft body,contextual,publish,new proposal
08,https://mathanoibacninh.com/kien-thuc/chon-noi-kham-mat-o-bac-ninh/,https://mathanoibacninh.com/doi-ngu-bac-si/,hồ sơ bác sĩ,draft body,contextual,publish,new proposal
08,https://mathanoibacninh.com/kien-thuc/chon-noi-kham-mat-o-bac-ninh/,https://mathanoibacninh.com/bang-gia/,bảng giá,draft body,contextual,publish,new proposal
08,https://mathanoibacninh.com/kien-thuc/chon-noi-kham-mat-o-bac-ninh/,https://mathanoibacninh.com/lien-he/,đường đi,draft body,contextual,publish,new proposal
08,https://mathanoibacninh.com/kien-thuc/chon-noi-kham-mat-o-bac-ninh/,https://mathanoibacninh.com/dat-lich-kham/,xác nhận hẹn,draft body,contextual,publish,new proposal
08,https://mathanoibacninh.com/kien-thuc/chon-noi-kham-mat-o-bac-ninh/,https://mathanoibacninh.com/kien-thuc/di-kham-mat-can-chuan-bi-gi/,danh sách chuẩn bị,draft body,contextual,publish,new proposal
08,https://mathanoibacninh.com/kien-thuc/chon-noi-kham-mat-o-bac-ninh/,https://mathanoibacninh.com/gioi-thieu/,giới thiệu,draft body,contextual,publish,new proposal
08,https://mathanoibacninh.com/kien-thuc/chon-noi-kham-mat-o-bac-ninh/,https://mathanoibacninh.com/lien-he/,liên hệ,draft body,contextual,publish,new proposal
08,https://mathanoibacninh.com/kien-thuc/chon-noi-kham-mat-o-bac-ninh/,https://mathanoibacninh.com/bang-gia/,bảng giá,draft body,contextual,publish,new proposal
09,https://mathanoibacninh.com/kien-thuc/kham-can-thi-bao-nhieu-tien/,https://mathanoibacninh.com/kien-thuc/kham-khuc-xa-gom-nhung-gi/,khám khúc xạ gồm những gì,draft body,contextual,publish,new proposal
09,https://mathanoibacninh.com/kien-thuc/kham-can-thi-bao-nhieu-tien/,https://mathanoibacninh.com/bang-gia/,bảng giá chính thức,draft body,contextual,publish,new proposal
09,https://mathanoibacninh.com/kien-thuc/kham-can-thi-bao-nhieu-tien/,https://mathanoibacninh.com/dat-lich-kham/,trang đặt hẹn,draft body,contextual,publish,new proposal
09,https://mathanoibacninh.com/kien-thuc/kham-can-thi-bao-nhieu-tien/,https://mathanoibacninh.com/bang-gia/,Bảng giá bệnh viện,draft body,contextual,publish,new proposal
10,https://mathanoibacninh.com/kien-thuc/kham-khuc-xa-gom-nhung-gi/,https://mathanoibacninh.com/kien-thuc/can-nang-va-nguy-co-vong-mac/,cận nặng và nguy cơ võng mạc,draft body,contextual,publish,new proposal
10,https://mathanoibacninh.com/kien-thuc/kham-khuc-xa-gom-nhung-gi/,https://mathanoibacninh.com/kien-thuc/di-kham-mat-can-chuan-bi-gi/,chuẩn bị lần khám đầu,draft body,contextual,publish,new proposal
11,https://mathanoibacninh.com/kien-thuc/do-mat-lam-kinh-va-kham-mat-khac-nhau/,https://mathanoibacninh.com/kien-thuc/doi-kinh-lien-tuc-ma-van-mo/,đổi kính liên tục vẫn mờ,draft body,contextual,publish,new proposal
11,https://mathanoibacninh.com/kien-thuc/do-mat-lam-kinh-va-kham-mat-khac-nhau/,https://mathanoibacninh.com/kien-thuc/kham-khuc-xa-gom-nhung-gi/,khám khúc xạ gồm gì,draft body,contextual,publish,new proposal
11,https://mathanoibacninh.com/kien-thuc/do-mat-lam-kinh-va-kham-mat-khac-nhau/,https://mathanoibacninh.com/dat-lich-kham/,đặt hẹn,draft body,contextual,publish,new proposal
12,https://mathanoibacninh.com/kien-thuc/kham-can-thi-cho-tre-o-bac-ninh/,https://mathanoibacninh.com/kien-thuc/dau-hieu-tre-bi-can-thi-som/,dấu hiệu trẻ bị cận,draft body,contextual,publish,new proposal
12,https://mathanoibacninh.com/kien-thuc/kham-can-thi-cho-tre-o-bac-ninh/,https://mathanoibacninh.com/dat-lich-kham/,đặt lịch,draft body,contextual,publish,new proposal
12,https://mathanoibacninh.com/kien-thuc/kham-can-thi-cho-tre-o-bac-ninh/,https://mathanoibacninh.com/kien-thuc/kiem-soat-tien-trien-can-thi-la-gi/,kiểm soát tiến triển cận thị là gì,draft body,contextual,publish,new proposal
12,https://mathanoibacninh.com/kien-thuc/kham-can-thi-cho-tre-o-bac-ninh/,https://mathanoibacninh.com/chuyen-khoa/mat-tre-em/,mắt trẻ em,draft body,contextual,publish,new proposal
13,https://mathanoibacninh.com/kien-thuc/can-075-do-co-can-deo-kinh/,https://mathanoibacninh.com/kien-thuc/do-can-bao-nhieu-la-nang/,cách hiểu chỉ số trên đơn kính,draft body,contextual,publish,new proposal
13,https://mathanoibacninh.com/kien-thuc/can-075-do-co-can-deo-kinh/,https://mathanoibacninh.com/kien-thuc/kham-khuc-xa-gom-nhung-gi/,khám khúc xạ gồm những gì,draft body,contextual,publish,new proposal
13,https://mathanoibacninh.com/kien-thuc/can-075-do-co-can-deo-kinh/,https://mathanoibacninh.com/dat-lich-kham/,đặt lịch,draft body,contextual,publish,new proposal
14,https://mathanoibacninh.com/kien-thuc/cach-han-che-tang-do-can-cho-tre/,https://mathanoibacninh.com/kien-thuc/dau-hieu-tre-bi-can-thi-som/,khám cận thị cho trẻ,draft body,contextual,publish,new proposal
14,https://mathanoibacninh.com/kien-thuc/cach-han-che-tang-do-can-cho-tre/,https://mathanoibacninh.com/kien-thuc/kiem-soat-tien-trien-can-thi-la-gi/,kiểm soát tiến triển là gì,draft body,contextual,publish,new proposal
15,https://mathanoibacninh.com/kien-thuc/do-mat-cat-kinh-tai-benh-vien/,https://mathanoibacninh.com/kien-thuc/kham-khuc-xa-gom-nhung-gi/,khám khúc xạ gồm những gì,draft body,contextual,publish,new proposal
15,https://mathanoibacninh.com/kien-thuc/do-mat-cat-kinh-tai-benh-vien/,https://mathanoibacninh.com/bang-gia/,bảng giá dịch vụ,draft body,contextual,publish,new proposal
15,https://mathanoibacninh.com/kien-thuc/do-mat-cat-kinh-tai-benh-vien/,https://mathanoibacninh.com/lien-he/,liên hệ bệnh viện,draft body,contextual,publish,new proposal
16,https://mathanoibacninh.com/kien-thuc/can-bao-nhieu-do-thi-mo-duoc/,https://mathanoibacninh.com/kien-thuc/can-nang-va-nguy-co-vong-mac/,cận nặng và võng mạc,draft body,contextual,publish,new proposal
16,https://mathanoibacninh.com/kien-thuc/can-bao-nhieu-do-thi-mo-duoc/,https://mathanoibacninh.com/dat-lich-kham/,đặt lịch,draft body,contextual,publish,new proposal
17,https://mathanoibacninh.com/kien-thuc/chi-phi-mo-can-gom-nhung-gi/,https://mathanoibacninh.com/bang-gia/,bảng giá công bố,draft body,contextual,publish,new proposal
17,https://mathanoibacninh.com/kien-thuc/chi-phi-mo-can-gom-nhung-gi/,https://mathanoibacninh.com/kien-thuc/bao-hiem-y-te-kham-mat-the-nao/,cơ chế BHYT khi khám mắt,draft body,contextual,publish,new proposal
17,https://mathanoibacninh.com/kien-thuc/chi-phi-mo-can-gom-nhung-gi/,https://mathanoibacninh.com/bang-gia/,Bảng giá bệnh viện,draft body,contextual,publish,new proposal
18,https://mathanoibacninh.com/kien-thuc/cac-phuong-phap-mo-can/,https://mathanoibacninh.com/dich-vu/phau-thuat-khuc-xa/,dịch vụ phẫu thuật khúc xạ,draft body,contextual,publish,new proposal
18,https://mathanoibacninh.com/kien-thuc/cac-phuong-phap-mo-can/,https://mathanoibacninh.com/dat-lich-kham/,đặt lịch khám đánh giá,draft body,contextual,publish,new proposal
19,https://mathanoibacninh.com/kien-thuc/tren-40-tuoi-co-mo-can-duoc-khong/,https://mathanoibacninh.com/kien-thuc/lao-thi-va-duc-thuy-tinh-the-khac-nhau/,lão thị và đục thủy tinh thể khác nhau,draft body,contextual,publish,new proposal
19,https://mathanoibacninh.com/kien-thuc/tren-40-tuoi-co-mo-can-duoc-khong/,https://mathanoibacninh.com/dich-vu/phau-thuat-khuc-xa/,dịch vụ phẫu thuật khúc xạ,draft body,contextual,publish,new proposal
20,https://mathanoibacninh.com/kien-thuc/kham-truoc-mo-can-gom-nhung-gi/,https://mathanoibacninh.com/bang-gia/,bảng giá,draft body,contextual,publish,new proposal
20,https://mathanoibacninh.com/kien-thuc/kham-truoc-mo-can-gom-nhung-gi/,https://mathanoibacninh.com/dat-lich-kham/,đặt lịch,draft body,contextual,publish,new proposal
