source_id,source_url,target_draft_id,target_url,anchor_text,location,type,status
284,https://mathanoibacninh.com/kien-thuc/bao-hiem-y-te-kham-mat-the-nao/,07,https://mathanoibacninh.com/kien-thuc/bhyt-kham-mat-tai-benh-vien-mat-ha-noi-bac-ninh/,BHYT khi khám tại bệnh viện,đoạn thủ tục bệnh viện,ngữ cảnh,chờ bài 07 xuất bản
285,https://mathanoibacninh.com/kien-thuc/di-kham-mat-can-chuan-bi-gi/,08,https://mathanoibacninh.com/kien-thuc/chon-noi-kham-mat-o-bac-ninh/,những thông tin nên kiểm tra khi chọn nơi khám,đoạn trước khi đặt lịch,ngữ cảnh,chờ bài 08 xuất bản
120,https://mathanoibacninh.com/kien-thuc/kham-khuc-xa-gom-nhung-gi/,09,https://mathanoibacninh.com/kien-thuc/kham-can-thi-bao-nhieu-tien/,cách dự trù chi phí khám cận,đoạn chuẩn bị khám,ngữ cảnh,chờ bài 09 xuất bản
120,https://mathanoibacninh.com/kien-thuc/kham-khuc-xa-gom-nhung-gi/,11,https://mathanoibacninh.com/kien-thuc/do-mat-lam-kinh-va-kham-mat-khac-nhau/,đo kính khác khám chuyên khoa thế nào,đoạn giải thích phạm vi,ngữ cảnh,chờ bài 11 xuất bản
143,https://mathanoibacninh.com/kien-thuc/dau-hieu-tre-bi-can-thi-som/,12,https://mathanoibacninh.com/kien-thuc/kham-can-thi-cho-tre-o-bac-ninh/,chuẩn bị khám cận thị cho trẻ,đoạn sau dấu hiệu cần khám,ngữ cảnh,chờ bài 12 xuất bản
118,https://mathanoibacninh.com/kien-thuc/do-can-bao-nhieu-la-nang/,13,https://mathanoibacninh.com/kien-thuc/can-075-do-co-can-deo-kinh/,cận nhẹ 0,75 độ có cần kính không,đoạn mức cận nhẹ,ngữ cảnh,chờ bài 13 xuất bản
141,https://mathanoibacninh.com/kien-thuc/con-bi-can-co-tang-do-nua-khong/,14,https://mathanoibacninh.com/kien-thuc/cach-han-che-tang-do-can-cho-tre/,theo dõi trẻ tăng độ nhanh,đoạn theo dõi tiến triển,ngữ cảnh,chờ bản cập nhật 14 được duyệt
120,https://mathanoibacninh.com/kien-thuc/kham-khuc-xa-gom-nhung-gi/,15,https://mathanoibacninh.com/kien-thuc/do-mat-cat-kinh-tai-benh-vien/,đo và cắt kính tại bệnh viện,đoạn sau đơn kính,ngữ cảnh,chờ bài 15 xuất bản
118,https://mathanoibacninh.com/kien-thuc/do-can-bao-nhieu-la-nang/,16,https://mathanoibacninh.com/kien-thuc/can-bao-nhieu-do-thi-mo-duoc/,vì sao số độ chưa quyết định khả năng mổ,đoạn cân nhắc mổ cận,ngữ cảnh,chờ bài 16 xuất bản
284,https://mathanoibacninh.com/kien-thuc/bao-hiem-y-te-kham-mat-the-nao/,17,https://mathanoibacninh.com/kien-thuc/chi-phi-mo-can-gom-nhung-gi/,cách đọc chi phí mổ cận,đoạn dịch vụ ngoài phạm vi,ngữ cảnh,chờ bài 17 xuất bản
117,https://mathanoibacninh.com/kien-thuc/can-thi-tang-do-nhanh-o-nguoi-truong-thanh/,18,https://mathanoibacninh.com/kien-thuc/cac-phuong-phap-mo-can/,các phương pháp phẫu thuật khúc xạ,đoạn lựa chọn điều trị,ngữ cảnh,chờ bài 18 xuất bản
151,https://mathanoibacninh.com/kien-thuc/lao-thi-va-duc-thuy-tinh-the-khac-nhau/,19,https://mathanoibacninh.com/kien-thuc/tren-40-tuoi-co-mo-can-duoc-khong/,cân nhắc mổ cận sau tuổi 40,đoạn lão thị ở người cận,ngữ cảnh,chờ bài 19 xuất bản
285,https://mathanoibacninh.com/kien-thuc/di-kham-mat-can-chuan-bi-gi/,20,https://mathanoibacninh.com/kien-thuc/kham-truoc-mo-can-gom-nhung-gi/,chuẩn bị khám trước mổ cận,đoạn chuẩn bị cho phẫu thuật,ngữ cảnh,chờ bài 20 xuất bản
