URL,HTTP,meta_description
https://mathanoibacninh.com/,200,"Bệnh viện Mắt Hà Nội – Bắc Ninh khám, tư vấn và điều trị các bệnh về mắt cho mọi lứa tuổi. Tìm hiểu chuyên khoa, đội ngũ bác sĩ và đặt lịch khám."
https://mathanoibacninh.com/2026/08/11/hello-world/,404,
https://mathanoibacninh.com/?page_id=13,404,
https://mathanoibacninh.com/Phone,404,
https://mathanoibacninh.com/bang-gia/,200,"Tra cứu bảng giá dịch vụ mắt đang công bố, cách hiểu đơn vị tính và những khoản cần hỏi rõ trước khi khám, điều trị tại bệnh viện."
https://mathanoibacninh.com/benhvienmathanoibacninh/bang-gia/,200,"Tra cứu bảng giá dịch vụ mắt đang công bố, cách hiểu đơn vị tính và những khoản cần hỏi rõ trước khi khám, điều trị tại bệnh viện."
https://mathanoibacninh.com/benhvienmathanoibacninh/chuyen-khoa/,200,"Tìm hiểu các chuyên khoa mắt, dấu hiệu cần khám, quy trình chuẩn bị và cách chọn nhóm nhãn khoa phù hợp cho trẻ em, người lớn và người cao tuổi."
https://mathanoibacninh.com/benhvienmathanoibacninh/chuyen-khoa/dich-kinh-vong-mac/,200,
https://mathanoibacninh.com/benhvienmathanoibacninh/chuyen-khoa/giac-mac-ket-mac/,200,
https://mathanoibacninh.com/benhvienmathanoibacninh/chuyen-khoa/tat-khuc-xa/can-thi/,200,
https://mathanoibacninh.com/benhvienmathanoibacninh/chuyen-khoa/tat-khuc-xa/loan-thi/,200,
https://mathanoibacninh.com/benhvienmathanoibacninh/chuyen-khoa/tat-khuc-xa/vien-thi/,200,
https://mathanoibacninh.com/benhvienmathanoibacninh/dich-vu/,200,
https://mathanoibacninh.com/benhvienmathanoibacninh/dich-vu/chan-doan-nhan-khoa/,200,"Chẩn đoán nhãn khoa kết hợp hỏi bệnh, khám trực tiếp và các phép đo phù hợp để xác định vị trí tổn thương, mức độ ảnh hưởng và hướng theo dõi."
https://mathanoibacninh.com/benhvienmathanoibacninh/doi-ngu-bac-si/,200,"Tìm hiểu cách đọc hồ sơ bác sĩ nhãn khoa, chọn hướng khám theo dấu hiệu và chuẩn bị thông tin trước khi gặp bác sĩ mắt."
https://mathanoibacninh.com/benhvienmathanoibacninh/hoi-dap/truoc-khi-di-kham/,200,"Danh sách giấy tờ, kính, đơn thuốc và thông tin cần mang theo khi khám mắt; lưu ý về giãn đồng tử, nhịn ăn và đường về an toàn."
https://mathanoibacninh.com/benhvienmathanoibacninh/kien-thuc/,200,
https://mathanoibacninh.com/benhvienmathanoibacninh/lien-he/,200,"Bệnh viện mắt Bắc Ninh tại Lô 4, đường Hùng Vương, Phường Bắc Giang, Thành phố Bắc Ninh. Xem giờ khám 07:30 – 18:00, bản đồ, dịch vụ nhãn khoa và gọi 0868 899 396 để được hướng dẫn trước khi đến."
https://mathanoibacninh.com/category/dich-vu/phau-thuat-khuc-xa/phau-thuat-khuc-xa-femtolasik/,404,
https://mathanoibacninh.com/chinh-sach/,200,
https://mathanoibacninh.com/chinh-sach/mien-tru-trach-nhiem-y-khoa/,200,
https://mathanoibacninh.com/chinh-sach/quyen-rieng-tu/,200,
https://mathanoibacninh.com/chuyen-khoa/,200,"Tìm hiểu các chuyên khoa mắt, dấu hiệu cần khám, quy trình chuẩn bị và cách chọn nhóm nhãn khoa phù hợp cho trẻ em, người lớn và người cao tuổi."
https://mathanoibacninh.com/chuyen-khoa/dich-kinh-vong-mac/,200,
https://mathanoibacninh.com/chuyen-khoa/giac-mac-ket-mac/,200,
https://mathanoibacninh.com/chuyen-khoa/glocom/,200,
https://mathanoibacninh.com/chuyen-khoa/mat-nguoi-cao-tu/,200,
https://mathanoibacninh.com/chuyen-khoa/mat-nguoi-cao-tuoi/,200,
https://mathanoibacninh.com/chuyen-khoa/mat-tre-em/,200,
https://mathanoibacninh.com/chuyen-khoa/mat-tre-em/kiem-soat-can-thi/,200,
https://mathanoibacninh.com/chuyen-khoa/mat-tre-em/nhuoc-thi-lac/,200,
https://mathanoibacninh.com/chuyen-khoa/tat-khuc-xa/can-thi/,200,
https://mathanoibacninh.com/chuyen-khoa/tat-khuc-xa/loan-thi/,200,
https://mathanoibacninh.com/chuyen-khoa/tat-khuc-xa/vien-thi/,200,
https://mathanoibacninh.com/dat-lich-kham/,200,"Giờ làm việc thường lệ 07:30–18:00, bảy ngày/tuần. Xem cách gửi yêu cầu đặt lịch và các thông tin nên xác nhận trước khi đến bệnh viện."
https://mathanoibacninh.com/dat-lich-thanh-cong/,200,
https://mathanoibacninh.com/dich-vu/,200,
https://mathanoibacninh.com/dich-vu/chan-doan-nhan-khoa/,200,"Chẩn đoán nhãn khoa kết hợp hỏi bệnh, khám trực tiếp và các phép đo phù hợp để xác định vị trí tổn thương, mức độ ảnh hưởng và hướng theo dõi."
https://mathanoibacninh.com/dich-vu/kham-mat-tong-quat/,200,"Khám mắt tổng quát giúp ghi nhận thị lực, triệu chứng, tiền sử và lựa chọn các kiểm tra cần thiết theo tuổi, bệnh nền và nguy cơ của từng người."
https://mathanoibacninh.com/dich-vu/mi-mat-le-dao/,200,"Khám mi mắt và lệ đạo giúp phân biệt bệnh ở bờ mi, vị trí mi, tuyến lệ và đường dẫn nước mắt để lựa chọn hướng xử trí phù hợp."
https://mathanoibacninh.com/dich-vu/phau-thuat-khuc-xa/,200,"Phẫu thuật khúc xạ cần khám chuyên sâu để đánh giá độ kính ổn định, giác mạc, bề mặt mắt, đồng tử và kỳ vọng thị giác của từng người."
https://mathanoibacninh.com/dich-vu/phau-thuat-mong/,200,"Mộng mắt được đánh giá theo mức độ tiến vào giác mạc, triệu chứng kích thích, ảnh hưởng thị lực và nguy cơ tái phát trước khi cân nhắc phẫu thuật."
https://mathanoibacninh.com/dich-vu/phau-thuat-phaco/,200,"Thông tin về đánh giá đục thủy tinh thể, chỉ định phẫu thuật, lựa chọn thủy tinh thể nhân tạo, chuẩn bị và theo dõi sau can thiệp."
https://mathanoibacninh.com/dich-vu/phau-thuat-quem/,200,"Quặm mi làm lông mi cọ vào bề mặt mắt; việc điều trị dựa trên nguyên nhân, mức độ tổn thương giác mạc, tuổi và cấu trúc mi của từng người."
https://mathanoibacninh.com/dich-vu/xet-nghiem-truoc-phau-thuat/,200,"Xét nghiệm trước phẫu thuật mắt được chỉ định theo loại can thiệp, tuổi, bệnh nền, thuốc đang dùng và hình thức vô cảm dự kiến."
https://mathanoibacninh.com/doi-ngu-bac-si/,200,"Tìm hiểu cách đọc hồ sơ bác sĩ nhãn khoa, chọn hướng khám theo dấu hiệu và chuẩn bị thông tin trước khi gặp bác sĩ mắt."
https://mathanoibacninh.com/gioi-thieu/,200,"Tìm hiểu Bệnh viện Mắt Hà Nội – Bắc Ninh, địa chỉ, giờ khám, các nhóm dịch vụ và những thông tin nên chuẩn bị trước khi đến khám."
https://mathanoibacninh.com/gioi-thieu/co-so-vat-chat/,200,
https://mathanoibacninh.com/gioi-thieu/ho-so-phap-ly/,200,
https://mathanoibacninh.com/gioi-thieu/tam-nhin-gia-tri/,200,
https://mathanoibacninh.com/gioi-thieu/trang-thiet-bi/,200,
https://mathanoibacninh.com/hoi-dap/,200,
https://mathanoibacninh.com/hoi-dap/hoi-dap-mat-tre-em/,200,"Hướng dẫn cha mẹ chăm sóc mắt trẻ em, nhận biết dấu hiệu thị lực bất thường, hạn chế tăng độ cận và chuẩn bị khi đưa trẻ đi khám."
https://mathanoibacninh.com/hoi-dap/mo-mat-va-hoi-phuc/,200,"Hướng dẫn chăm sóc và hồi phục sau mổ mắt: dùng thuốc, vệ sinh, sinh hoạt, tái khám và các dấu hiệu cần liên hệ cơ sở y tế."
https://mathanoibacninh.com/hoi-dap/truoc-khi-di-kham/,200,"Danh sách giấy tờ, kính, đơn thuốc và thông tin cần mang theo khi khám mắt; lưu ý về giãn đồng tử, nhịn ăn và đường về an toàn."
https://mathanoibacninh.com/khu-vuc/,200,"Tra cứu 99 xã, phường thành phố Bắc Ninh hiện hành, dấu hiệu cần khám mắt, cách chuẩn bị và bài kiến thức nhãn khoa của Bệnh viện Mắt Hà Nội – Bắc Ninh."
https://mathanoibacninh.com/khu-vuc/kham-mat-bac-giang/,200,"Tìm bệnh viện mắt ở Bắc Giang? Bệnh viện Mắt Hà Nội – Bắc Ninh tại Lô 4, đường Hùng Vương, Phường Bắc Giang, Thành phố Bắc Ninh. Xem bản đồ và hướng dẫn khám."
https://mathanoibacninh.com/khu-vuc/kham-mat-bac-giang/phuong-bac-giang/,200,"Thông tin khám mắt cho người dân phường Bắc Giang, thành phố Bắc Ninh: tên địa bàn hiện hành, dấu hiệu cần khám, chuẩn bị hồ sơ và địa chỉ bệnh viện."
https://mathanoibacninh.com/khu-vuc/kham-mat-bac-giang/phuong-canh-thuy/,200,"Thông tin khám mắt cho người dân phường Cảnh Thụy, thành phố Bắc Ninh: tên địa bàn hiện hành, dấu hiệu cần khám, chuẩn bị hồ sơ và địa chỉ bệnh viện."
https://mathanoibacninh.com/khu-vuc/kham-mat-bac-giang/phuong-chu/,200,"Thông tin khám mắt cho người dân phường Chũ, thành phố Bắc Ninh: tên địa bàn hiện hành, dấu hiệu cần khám, chuẩn bị hồ sơ và địa chỉ bệnh viện."
https://mathanoibacninh.com/khu-vuc/kham-mat-bac-giang/phuong-da-mai/,200,"Thông tin khám mắt cho người dân phường Đa Mai, thành phố Bắc Ninh: tên địa bàn hiện hành, dấu hiệu cần khám, chuẩn bị hồ sơ và địa chỉ bệnh viện."
https://mathanoibacninh.com/khu-vuc/kham-mat-bac-giang/phuong-nenh/,200,"Thông tin khám mắt cho người dân phường Nếnh, thành phố Bắc Ninh: tên địa bàn hiện hành, dấu hiệu cần khám, chuẩn bị hồ sơ và địa chỉ bệnh viện."
https://mathanoibacninh.com/khu-vuc/kham-mat-bac-giang/phuong-phuong-son/,200,"Thông tin khám mắt cho người dân phường Phượng Sơn, thành phố Bắc Ninh: tên địa bàn hiện hành, dấu hiệu cần khám, chuẩn bị hồ sơ và địa chỉ bệnh viện."
https://mathanoibacninh.com/khu-vuc/kham-mat-bac-giang/phuong-tan-an/,200,"Thông tin khám mắt cho người dân phường Tân An, thành phố Bắc Ninh: tên địa bàn hiện hành, dấu hiệu cần khám, chuẩn bị hồ sơ và địa chỉ bệnh viện."
https://mathanoibacninh.com/khu-vuc/kham-mat-bac-giang/phuong-tan-tien/,200,"Thông tin khám mắt cho người dân phường Tân Tiến, thành phố Bắc Ninh: tên địa bàn hiện hành, dấu hiệu cần khám, chuẩn bị hồ sơ và địa chỉ bệnh viện."
https://mathanoibacninh.com/khu-vuc/kham-mat-bac-giang/phuong-tien-phong/,200,"Thông tin khám mắt cho người dân phường Tiền Phong, thành phố Bắc Ninh: tên địa bàn hiện hành, dấu hiệu cần khám, chuẩn bị hồ sơ và địa chỉ bệnh viện."
https://mathanoibacninh.com/khu-vuc/kham-mat-bac-giang/phuong-tu-lan/,200,"Thông tin khám mắt cho người dân phường Tự Lạn, thành phố Bắc Ninh: tên địa bàn hiện hành, dấu hiệu cần khám, chuẩn bị hồ sơ và địa chỉ bệnh viện."
https://mathanoibacninh.com/khu-vuc/kham-mat-bac-giang/phuong-van-ha/,200,"Thông tin khám mắt cho người dân phường Vân Hà, thành phố Bắc Ninh: tên địa bàn hiện hành, dấu hiệu cần khám, chuẩn bị hồ sơ và địa chỉ bệnh viện."
https://mathanoibacninh.com/khu-vuc/kham-mat-bac-giang/phuong-viet-yen/,200,"Thông tin khám mắt cho người dân phường Việt Yên, thành phố Bắc Ninh: tên địa bàn hiện hành, dấu hiệu cần khám, chuẩn bị hồ sơ và địa chỉ bệnh viện."
https://mathanoibacninh.com/khu-vuc/kham-mat-bac-giang/phuong-yen-dung/,200,"Thông tin khám mắt cho người dân phường Yên Dũng, thành phố Bắc Ninh: tên địa bàn hiện hành, dấu hiệu cần khám, chuẩn bị hồ sơ và địa chỉ bệnh viện."
https://mathanoibacninh.com/khu-vuc/kham-mat-bac-giang/xa-an-lac/,200,"Thông tin khám mắt cho người dân xã An Lạc, thành phố Bắc Ninh: tên địa bàn hiện hành, dấu hiệu cần khám, chuẩn bị hồ sơ và địa chỉ bệnh viện."
https://mathanoibacninh.com/khu-vuc/kham-mat-bac-giang/xa-bac-lung/,200,"Thông tin khám mắt cho người dân xã Bắc Lũng, thành phố Bắc Ninh: tên địa bàn hiện hành, dấu hiệu cần khám, chuẩn bị hồ sơ và địa chỉ bệnh viện."
https://mathanoibacninh.com/khu-vuc/kham-mat-bac-giang/xa-bao-dai/,200,"Thông tin khám mắt cho người dân xã Bảo Đài, thành phố Bắc Ninh: tên địa bàn hiện hành, dấu hiệu cần khám, chuẩn bị hồ sơ và địa chỉ bệnh viện."
https://mathanoibacninh.com/khu-vuc/kham-mat-bac-giang/xa-bien-dong/,200,"Thông tin khám mắt cho người dân xã Biển Động, thành phố Bắc Ninh: tên địa bàn hiện hành, dấu hiệu cần khám, chuẩn bị hồ sơ và địa chỉ bệnh viện."
https://mathanoibacninh.com/khu-vuc/kham-mat-bac-giang/xa-bien-son/,200,"Thông tin khám mắt cho người dân xã Biên Sơn, thành phố Bắc Ninh: tên địa bàn hiện hành, dấu hiệu cần khám, chuẩn bị hồ sơ và địa chỉ bệnh viện."
https://mathanoibacninh.com/khu-vuc/kham-mat-bac-giang/xa-bo-ha/,200,"Thông tin khám mắt cho người dân xã Bố Hạ, thành phố Bắc Ninh: tên địa bàn hiện hành, dấu hiệu cần khám, chuẩn bị hồ sơ và địa chỉ bệnh viện."
https://mathanoibacninh.com/khu-vuc/kham-mat-bac-giang/xa-cam-ly/,200,"Thông tin khám mắt cho người dân xã Cẩm Lý, thành phố Bắc Ninh: tên địa bàn hiện hành, dấu hiệu cần khám, chuẩn bị hồ sơ và địa chỉ bệnh viện."
https://mathanoibacninh.com/khu-vuc/kham-mat-bac-giang/xa-deo-gia/,200,"Thông tin khám mắt cho người dân xã Đèo Gia, thành phố Bắc Ninh: tên địa bàn hiện hành, dấu hiệu cần khám, chuẩn bị hồ sơ và địa chỉ bệnh viện."
https://mathanoibacninh.com/khu-vuc/kham-mat-bac-giang/xa-dong-ky/,200,"Thông tin khám mắt cho người dân xã Đồng Kỳ, thành phố Bắc Ninh: tên địa bàn hiện hành, dấu hiệu cần khám, chuẩn bị hồ sơ và địa chỉ bệnh viện."
https://mathanoibacninh.com/khu-vuc/kham-mat-bac-giang/xa-dong-phu/,200,"Thông tin khám mắt cho người dân xã Đông Phú, thành phố Bắc Ninh: tên địa bàn hiện hành, dấu hiệu cần khám, chuẩn bị hồ sơ và địa chỉ bệnh viện."
https://mathanoibacninh.com/khu-vuc/kham-mat-bac-giang/xa-dong-viet/,200,"Thông tin khám mắt cho người dân xã Đồng Việt, thành phố Bắc Ninh: tên địa bàn hiện hành, dấu hiệu cần khám, chuẩn bị hồ sơ và địa chỉ bệnh viện."
https://mathanoibacninh.com/khu-vuc/kham-mat-bac-giang/xa-duong-huu/,200,"Thông tin khám mắt cho người dân xã Dương Hưu, thành phố Bắc Ninh: tên địa bàn hiện hành, dấu hiệu cần khám, chuẩn bị hồ sơ và địa chỉ bệnh viện."
https://mathanoibacninh.com/khu-vuc/kham-mat-bac-giang/xa-hiep-hoa/,200,"Thông tin khám mắt cho người dân xã Hiệp Hòa, thành phố Bắc Ninh: tên địa bàn hiện hành, dấu hiệu cần khám, chuẩn bị hồ sơ và địa chỉ bệnh viện."
https://mathanoibacninh.com/khu-vuc/kham-mat-bac-giang/xa-hoang-van/,200,"Thông tin khám mắt cho người dân xã Hoàng Vân, thành phố Bắc Ninh: tên địa bàn hiện hành, dấu hiệu cần khám, chuẩn bị hồ sơ và địa chỉ bệnh viện."
https://mathanoibacninh.com/khu-vuc/kham-mat-bac-giang/xa-hop-thinh/,200,"Thông tin khám mắt cho người dân xã Hợp Thịnh, thành phố Bắc Ninh: tên địa bàn hiện hành, dấu hiệu cần khám, chuẩn bị hồ sơ và địa chỉ bệnh viện."
https://mathanoibacninh.com/khu-vuc/kham-mat-bac-giang/xa-kep/,200,"Thông tin khám mắt cho người dân xã Kép, thành phố Bắc Ninh: tên địa bàn hiện hành, dấu hiệu cần khám, chuẩn bị hồ sơ và địa chỉ bệnh viện."
https://mathanoibacninh.com/khu-vuc/kham-mat-bac-giang/xa-kien-lao/,200,"Thông tin khám mắt cho người dân xã Kiên Lao, thành phố Bắc Ninh: tên địa bàn hiện hành, dấu hiệu cần khám, chuẩn bị hồ sơ và địa chỉ bệnh viện."
https://mathanoibacninh.com/khu-vuc/kham-mat-bac-giang/xa-lang-giang/,200,"Thông tin khám mắt cho người dân xã Lạng Giang, thành phố Bắc Ninh: tên địa bàn hiện hành, dấu hiệu cần khám, chuẩn bị hồ sơ và địa chỉ bệnh viện."
https://mathanoibacninh.com/khu-vuc/kham-mat-bac-giang/xa-luc-nam/,200,"Thông tin khám mắt cho người dân xã Lục Nam, thành phố Bắc Ninh: tên địa bàn hiện hành, dấu hiệu cần khám, chuẩn bị hồ sơ và địa chỉ bệnh viện."
https://mathanoibacninh.com/khu-vuc/kham-mat-bac-giang/xa-luc-ngan/,200,"Thông tin khám mắt cho người dân xã Lục Ngạn, thành phố Bắc Ninh: tên địa bàn hiện hành, dấu hiệu cần khám, chuẩn bị hồ sơ và địa chỉ bệnh viện."
https://mathanoibacninh.com/khu-vuc/kham-mat-bac-giang/xa-luc-son/,200,"Thông tin khám mắt cho người dân xã Lục Sơn, thành phố Bắc Ninh: tên địa bàn hiện hành, dấu hiệu cần khám, chuẩn bị hồ sơ và địa chỉ bệnh viện."
https://mathanoibacninh.com/khu-vuc/kham-mat-bac-giang/xa-my-thai/,200,"Thông tin khám mắt cho người dân xã Mỹ Thái, thành phố Bắc Ninh: tên địa bàn hiện hành, dấu hiệu cần khám, chuẩn bị hồ sơ và địa chỉ bệnh viện."
https://mathanoibacninh.com/khu-vuc/kham-mat-bac-giang/xa-nam-duong/,200,"Thông tin khám mắt cho người dân xã Nam Dương, thành phố Bắc Ninh: tên địa bàn hiện hành, dấu hiệu cần khám, chuẩn bị hồ sơ và địa chỉ bệnh viện."
https://mathanoibacninh.com/khu-vuc/kham-mat-bac-giang/xa-nghia-phuong/,200,"Thông tin khám mắt cho người dân xã Nghĩa Phương, thành phố Bắc Ninh: tên địa bàn hiện hành, dấu hiệu cần khám, chuẩn bị hồ sơ và địa chỉ bệnh viện."
https://mathanoibacninh.com/khu-vuc/kham-mat-bac-giang/xa-ngoc-thien/,200,"Thông tin khám mắt cho người dân xã Ngọc Thiện, thành phố Bắc Ninh: tên địa bàn hiện hành, dấu hiệu cần khám, chuẩn bị hồ sơ và địa chỉ bệnh viện."
https://mathanoibacninh.com/khu-vuc/kham-mat-bac-giang/xa-nha-nam/,200,"Thông tin khám mắt cho người dân xã Nhã Nam, thành phố Bắc Ninh: tên địa bàn hiện hành, dấu hiệu cần khám, chuẩn bị hồ sơ và địa chỉ bệnh viện."
https://mathanoibacninh.com/khu-vuc/kham-mat-bac-giang/xa-phuc-hoa/,200,"Thông tin khám mắt cho người dân xã Phúc Hoà, thành phố Bắc Ninh: tên địa bàn hiện hành, dấu hiệu cần khám, chuẩn bị hồ sơ và địa chỉ bệnh viện."
https://mathanoibacninh.com/khu-vuc/kham-mat-bac-giang/xa-quang-trung/,200,"Thông tin khám mắt cho người dân xã Quang Trung, thành phố Bắc Ninh: tên địa bàn hiện hành, dấu hiệu cần khám, chuẩn bị hồ sơ và địa chỉ bệnh viện."
https://mathanoibacninh.com/khu-vuc/kham-mat-bac-giang/xa-sa-ly/,200,"Thông tin khám mắt cho người dân xã Sa Lý, thành phố Bắc Ninh: tên địa bàn hiện hành, dấu hiệu cần khám, chuẩn bị hồ sơ và địa chỉ bệnh viện."
https://mathanoibacninh.com/khu-vuc/kham-mat-bac-giang/xa-son-dong/,200,"Thông tin khám mắt cho người dân xã Sơn Động, thành phố Bắc Ninh: tên địa bàn hiện hành, dấu hiệu cần khám, chuẩn bị hồ sơ và địa chỉ bệnh viện."
https://mathanoibacninh.com/khu-vuc/kham-mat-bac-giang/xa-son-hai/,200,"Thông tin khám mắt cho người dân xã Sơn Hải, thành phố Bắc Ninh: tên địa bàn hiện hành, dấu hiệu cần khám, chuẩn bị hồ sơ và địa chỉ bệnh viện."
https://mathanoibacninh.com/khu-vuc/kham-mat-bac-giang/xa-tam-tien/,200,"Thông tin khám mắt cho người dân xã Tam Tiến, thành phố Bắc Ninh: tên địa bàn hiện hành, dấu hiệu cần khám, chuẩn bị hồ sơ và địa chỉ bệnh viện."
https://mathanoibacninh.com/khu-vuc/kham-mat-bac-giang/xa-tan-dinh/,200,"Thông tin khám mắt cho người dân xã Tân Dĩnh, thành phố Bắc Ninh: tên địa bàn hiện hành, dấu hiệu cần khám, chuẩn bị hồ sơ và địa chỉ bệnh viện."
https://mathanoibacninh.com/khu-vuc/kham-mat-bac-giang/xa-tan-son/,200,"Thông tin khám mắt cho người dân xã Tân Sơn, thành phố Bắc Ninh: tên địa bàn hiện hành, dấu hiệu cần khám, chuẩn bị hồ sơ và địa chỉ bệnh viện."
https://mathanoibacninh.com/khu-vuc/kham-mat-bac-giang/xa-tan-yen/,200,"Thông tin khám mắt cho người dân xã Tân Yên, thành phố Bắc Ninh: tên địa bàn hiện hành, dấu hiệu cần khám, chuẩn bị hồ sơ và địa chỉ bệnh viện."
https://mathanoibacninh.com/khu-vuc/kham-mat-bac-giang/xa-tay-yen-tu/,200,"Thông tin khám mắt cho người dân xã Tây Yên Tử, thành phố Bắc Ninh: tên địa bàn hiện hành, dấu hiệu cần khám, chuẩn bị hồ sơ và địa chỉ bệnh viện."
https://mathanoibacninh.com/khu-vuc/kham-mat-bac-giang/xa-tien-luc/,200,"Thông tin khám mắt cho người dân xã Tiên Lục, thành phố Bắc Ninh: tên địa bàn hiện hành, dấu hiệu cần khám, chuẩn bị hồ sơ và địa chỉ bệnh viện."
https://mathanoibacninh.com/khu-vuc/kham-mat-bac-giang/xa-truong-son/,200,"Thông tin khám mắt cho người dân xã Trường Sơn, thành phố Bắc Ninh: tên địa bàn hiện hành, dấu hiệu cần khám, chuẩn bị hồ sơ và địa chỉ bệnh viện."
https://mathanoibacninh.com/khu-vuc/kham-mat-bac-giang/xa-tuan-dao/,200,"Thông tin khám mắt cho người dân xã Tuấn Đạo, thành phố Bắc Ninh: tên địa bàn hiện hành, dấu hiệu cần khám, chuẩn bị hồ sơ và địa chỉ bệnh viện."
https://mathanoibacninh.com/khu-vuc/kham-mat-bac-giang/xa-van-son/,200,"Thông tin khám mắt cho người dân xã Vân Sơn, thành phố Bắc Ninh: tên địa bàn hiện hành, dấu hiệu cần khám, chuẩn bị hồ sơ và địa chỉ bệnh viện."
https://mathanoibacninh.com/khu-vuc/kham-mat-bac-giang/xa-xuan-cam/,200,"Thông tin khám mắt cho người dân xã Xuân Cẩm, thành phố Bắc Ninh: tên địa bàn hiện hành, dấu hiệu cần khám, chuẩn bị hồ sơ và địa chỉ bệnh viện."
https://mathanoibacninh.com/khu-vuc/kham-mat-bac-giang/xa-xuan-luong/,200,"Thông tin khám mắt cho người dân xã Xuân Lương, thành phố Bắc Ninh: tên địa bàn hiện hành, dấu hiệu cần khám, chuẩn bị hồ sơ và địa chỉ bệnh viện."
https://mathanoibacninh.com/khu-vuc/kham-mat-bac-giang/xa-yen-dinh/,200,"Thông tin khám mắt cho người dân xã Yên Định, thành phố Bắc Ninh: tên địa bàn hiện hành, dấu hiệu cần khám, chuẩn bị hồ sơ và địa chỉ bệnh viện."
https://mathanoibacninh.com/khu-vuc/kham-mat-bac-giang/xa-yen-the/,200,"Thông tin khám mắt cho người dân xã Yên Thế, thành phố Bắc Ninh: tên địa bàn hiện hành, dấu hiệu cần khám, chuẩn bị hồ sơ và địa chỉ bệnh viện."
https://mathanoibacninh.com/khu-vuc/kham-mat-bac-ninh/,200,"Hướng dẫn khám mắt tại địa bàn Bắc Ninh cũ: 42 xã, phường hiện hành, triệu chứng, chuẩn bị và bài đọc về nhãn khoa."
https://mathanoibacninh.com/khu-vuc/kham-mat-bac-ninh/phuong-bong-lai/,200,"Thông tin khám mắt cho người dân phường Bồng Lai, thành phố Bắc Ninh: tên địa bàn hiện hành, dấu hiệu cần khám, chuẩn bị hồ sơ và địa chỉ bệnh viện."
https://mathanoibacninh.com/khu-vuc/kham-mat-bac-ninh/phuong-dao-vien/,200,"Thông tin khám mắt cho người dân phường Đào Viên, thành phố Bắc Ninh: tên địa bàn hiện hành, dấu hiệu cần khám, chuẩn bị hồ sơ và địa chỉ bệnh viện."
https://mathanoibacninh.com/khu-vuc/kham-mat-bac-ninh/phuong-dong-nguyen/,200,"Thông tin khám mắt cho người dân phường Đồng Nguyên, thành phố Bắc Ninh: tên địa bàn hiện hành, dấu hiệu cần khám, chuẩn bị hồ sơ và địa chỉ bệnh viện."
https://mathanoibacninh.com/khu-vuc/kham-mat-bac-ninh/phuong-hap-linh/,200,"Thông tin khám mắt cho người dân phường Hạp Lĩnh, thành phố Bắc Ninh: tên địa bàn hiện hành, dấu hiệu cần khám, chuẩn bị hồ sơ và địa chỉ bệnh viện."
https://mathanoibacninh.com/khu-vuc/kham-mat-bac-ninh/phuong-kinh-bac/,200,"Thông tin khám mắt cho người dân phường Kinh Bắc, thành phố Bắc Ninh: tên địa bàn hiện hành, dấu hiệu cần khám, chuẩn bị hồ sơ và địa chỉ bệnh viện."
https://mathanoibacninh.com/khu-vuc/kham-mat-bac-ninh/phuong-mao-dien/,200,"Thông tin khám mắt cho người dân phường Mão Điền, thành phố Bắc Ninh: tên địa bàn hiện hành, dấu hiệu cần khám, chuẩn bị hồ sơ và địa chỉ bệnh viện."
https://mathanoibacninh.com/khu-vuc/kham-mat-bac-ninh/phuong-nam-son/,200,"Thông tin khám mắt cho người dân phường Nam Sơn, thành phố Bắc Ninh: tên địa bàn hiện hành, dấu hiệu cần khám, chuẩn bị hồ sơ và địa chỉ bệnh viện."
https://mathanoibacninh.com/khu-vuc/kham-mat-bac-ninh/phuong-nhan-hoa/,200,"Thông tin khám mắt cho người dân phường Nhân Hòa, thành phố Bắc Ninh: tên địa bàn hiện hành, dấu hiệu cần khám, chuẩn bị hồ sơ và địa chỉ bệnh viện."
https://mathanoibacninh.com/khu-vuc/kham-mat-bac-ninh/phuong-ninh-xa/,200,"Thông tin khám mắt cho người dân phường Ninh Xá, thành phố Bắc Ninh: tên địa bàn hiện hành, dấu hiệu cần khám, chuẩn bị hồ sơ và địa chỉ bệnh viện."
https://mathanoibacninh.com/khu-vuc/kham-mat-bac-ninh/phuong-phu-khe/,200,"Thông tin khám mắt cho người dân phường Phù Khê, thành phố Bắc Ninh: tên địa bàn hiện hành, dấu hiệu cần khám, chuẩn bị hồ sơ và địa chỉ bệnh viện."
https://mathanoibacninh.com/khu-vuc/kham-mat-bac-ninh/phuong-phuong-lieu/,200,"Thông tin khám mắt cho người dân phường Phương Liễu, thành phố Bắc Ninh: tên địa bàn hiện hành, dấu hiệu cần khám, chuẩn bị hồ sơ và địa chỉ bệnh viện."
https://mathanoibacninh.com/khu-vuc/kham-mat-bac-ninh/phuong-que-vo/,200,"Thông tin khám mắt cho người dân phường Quế Võ, thành phố Bắc Ninh: tên địa bàn hiện hành, dấu hiệu cần khám, chuẩn bị hồ sơ và địa chỉ bệnh viện."
https://mathanoibacninh.com/khu-vuc/kham-mat-bac-ninh/phuong-song-lieu/,200,"Thông tin khám mắt cho người dân phường Song Liễu, thành phố Bắc Ninh: tên địa bàn hiện hành, dấu hiệu cần khám, chuẩn bị hồ sơ và địa chỉ bệnh viện."
https://mathanoibacninh.com/khu-vuc/kham-mat-bac-ninh/phuong-tam-son/,200,"Thông tin khám mắt cho người dân phường Tam Sơn, thành phố Bắc Ninh: tên địa bàn hiện hành, dấu hiệu cần khám, chuẩn bị hồ sơ và địa chỉ bệnh viện."
https://mathanoibacninh.com/khu-vuc/kham-mat-bac-ninh/phuong-thuan-thanh/,200,"Thông tin khám mắt cho người dân phường Thuận Thành, thành phố Bắc Ninh: tên địa bàn hiện hành, dấu hiệu cần khám, chuẩn bị hồ sơ và địa chỉ bệnh viện."
https://mathanoibacninh.com/khu-vuc/kham-mat-bac-ninh/phuong-tram-lo/,200,"Thông tin khám mắt cho người dân phường Trạm Lộ, thành phố Bắc Ninh: tên địa bàn hiện hành, dấu hiệu cần khám, chuẩn bị hồ sơ và địa chỉ bệnh viện."
https://mathanoibacninh.com/khu-vuc/kham-mat-bac-ninh/phuong-tri-qua/,200,"Thông tin khám mắt cho người dân phường Trí Quả, thành phố Bắc Ninh: tên địa bàn hiện hành, dấu hiệu cần khám, chuẩn bị hồ sơ và địa chỉ bệnh viện."
https://mathanoibacninh.com/khu-vuc/kham-mat-bac-ninh/phuong-tu-son/,200,"Thông tin khám mắt cho người dân phường Từ Sơn, thành phố Bắc Ninh: tên địa bàn hiện hành, dấu hiệu cần khám, chuẩn bị hồ sơ và địa chỉ bệnh viện."
https://mathanoibacninh.com/khu-vuc/kham-mat-bac-ninh/phuong-vo-cuong/,200,"Thông tin khám mắt cho người dân phường Võ Cường, thành phố Bắc Ninh: tên địa bàn hiện hành, dấu hiệu cần khám, chuẩn bị hồ sơ và địa chỉ bệnh viện."
https://mathanoibacninh.com/khu-vuc/kham-mat-bac-ninh/phuong-vu-ninh/,200,"Thông tin khám mắt cho người dân phường Vũ Ninh, thành phố Bắc Ninh: tên địa bàn hiện hành, dấu hiệu cần khám, chuẩn bị hồ sơ và địa chỉ bệnh viện."
https://mathanoibacninh.com/khu-vuc/kham-mat-bac-ninh/xa-cao-duc/,200,"Thông tin khám mắt cho người dân xã Cao Đức, thành phố Bắc Ninh: tên địa bàn hiện hành, dấu hiệu cần khám, chuẩn bị hồ sơ và địa chỉ bệnh viện."
https://mathanoibacninh.com/khu-vuc/kham-mat-bac-ninh/xa-chi-lang/,200,"Thông tin khám mắt cho người dân xã Chi Lăng, thành phố Bắc Ninh: tên địa bàn hiện hành, dấu hiệu cần khám, chuẩn bị hồ sơ và địa chỉ bệnh viện."
https://mathanoibacninh.com/khu-vuc/kham-mat-bac-ninh/xa-dai-dong/,200,"Thông tin khám mắt cho người dân xã Đại Đồng, thành phố Bắc Ninh: tên địa bàn hiện hành, dấu hiệu cần khám, chuẩn bị hồ sơ và địa chỉ bệnh viện."
https://mathanoibacninh.com/khu-vuc/kham-mat-bac-ninh/xa-dai-lai/,200,"Thông tin khám mắt cho người dân xã Đại Lai, thành phố Bắc Ninh: tên địa bàn hiện hành, dấu hiệu cần khám, chuẩn bị hồ sơ và địa chỉ bệnh viện."
https://mathanoibacninh.com/khu-vuc/kham-mat-bac-ninh/xa-dai-son/,200,"Thông tin khám mắt cho người dân xã Đại Sơn, thành phố Bắc Ninh: tên địa bàn hiện hành, dấu hiệu cần khám, chuẩn bị hồ sơ và địa chỉ bệnh viện."
https://mathanoibacninh.com/khu-vuc/kham-mat-bac-ninh/xa-dong-cuu/,200,"Thông tin khám mắt cho người dân xã Đông Cứu, thành phố Bắc Ninh: tên địa bàn hiện hành, dấu hiệu cần khám, chuẩn bị hồ sơ và địa chỉ bệnh viện."
https://mathanoibacninh.com/khu-vuc/kham-mat-bac-ninh/xa-gia-binh/,200,"Thông tin khám mắt cho người dân xã Gia Bình, thành phố Bắc Ninh: tên địa bàn hiện hành, dấu hiệu cần khám, chuẩn bị hồ sơ và địa chỉ bệnh viện."
https://mathanoibacninh.com/khu-vuc/kham-mat-bac-ninh/xa-lam-thao/,200,"Thông tin khám mắt cho người dân xã Lâm Thao, thành phố Bắc Ninh: tên địa bàn hiện hành, dấu hiệu cần khám, chuẩn bị hồ sơ và địa chỉ bệnh viện."
https://mathanoibacninh.com/khu-vuc/kham-mat-bac-ninh/xa-lien-bao/,200,"Thông tin khám mắt cho người dân xã Liên Bão, thành phố Bắc Ninh: tên địa bàn hiện hành, dấu hiệu cần khám, chuẩn bị hồ sơ và địa chỉ bệnh viện."
https://mathanoibacninh.com/khu-vuc/kham-mat-bac-ninh/xa-luong-tai/,200,"Thông tin khám mắt cho người dân xã Lương Tài, thành phố Bắc Ninh: tên địa bàn hiện hành, dấu hiệu cần khám, chuẩn bị hồ sơ và địa chỉ bệnh viện."
https://mathanoibacninh.com/khu-vuc/kham-mat-bac-ninh/xa-nhan-thang/,200,"Thông tin khám mắt cho người dân xã Nhân Thắng, thành phố Bắc Ninh: tên địa bàn hiện hành, dấu hiệu cần khám, chuẩn bị hồ sơ và địa chỉ bệnh viện."
https://mathanoibacninh.com/khu-vuc/kham-mat-bac-ninh/xa-phat-tich/,200,"Thông tin khám mắt cho người dân xã Phật Tích, thành phố Bắc Ninh: tên địa bàn hiện hành, dấu hiệu cần khám, chuẩn bị hồ sơ và địa chỉ bệnh viện."
https://mathanoibacninh.com/khu-vuc/kham-mat-bac-ninh/xa-phu-lang/,200,"Thông tin khám mắt cho người dân xã Phù Lãng, thành phố Bắc Ninh: tên địa bàn hiện hành, dấu hiệu cần khám, chuẩn bị hồ sơ và địa chỉ bệnh viện."
https://mathanoibacninh.com/khu-vuc/kham-mat-bac-ninh/xa-tam-da/,200,"Thông tin khám mắt cho người dân xã Tam Đa, thành phố Bắc Ninh: tên địa bàn hiện hành, dấu hiệu cần khám, chuẩn bị hồ sơ và địa chỉ bệnh viện."
https://mathanoibacninh.com/khu-vuc/kham-mat-bac-ninh/xa-tam-giang/,200,"Thông tin khám mắt cho người dân xã Tam Giang, thành phố Bắc Ninh: tên địa bàn hiện hành, dấu hiệu cần khám, chuẩn bị hồ sơ và địa chỉ bệnh viện."
https://mathanoibacninh.com/khu-vuc/kham-mat-bac-ninh/xa-tan-chi/,200,"Thông tin khám mắt cho người dân xã Tân Chi, thành phố Bắc Ninh: tên địa bàn hiện hành, dấu hiệu cần khám, chuẩn bị hồ sơ và địa chỉ bệnh viện."
https://mathanoibacninh.com/khu-vuc/kham-mat-bac-ninh/xa-tien-du/,200,"Thông tin khám mắt cho người dân xã Tiên Du, thành phố Bắc Ninh: tên địa bàn hiện hành, dấu hiệu cần khám, chuẩn bị hồ sơ và địa chỉ bệnh viện."
https://mathanoibacninh.com/khu-vuc/kham-mat-bac-ninh/xa-trung-chinh/,200,"Thông tin khám mắt cho người dân xã Trung Chính, thành phố Bắc Ninh: tên địa bàn hiện hành, dấu hiệu cần khám, chuẩn bị hồ sơ và địa chỉ bệnh viện."
https://mathanoibacninh.com/khu-vuc/kham-mat-bac-ninh/xa-trung-kenh/,200,"Thông tin khám mắt cho người dân xã Trung Kênh, thành phố Bắc Ninh: tên địa bàn hiện hành, dấu hiệu cần khám, chuẩn bị hồ sơ và địa chỉ bệnh viện."
https://mathanoibacninh.com/khu-vuc/kham-mat-bac-ninh/xa-van-mon/,200,"Thông tin khám mắt cho người dân xã Văn Môn, thành phố Bắc Ninh: tên địa bàn hiện hành, dấu hiệu cần khám, chuẩn bị hồ sơ và địa chỉ bệnh viện."
https://mathanoibacninh.com/khu-vuc/kham-mat-bac-ninh/xa-yen-phong/,200,"Thông tin khám mắt cho người dân xã Yên Phong, thành phố Bắc Ninh: tên địa bàn hiện hành, dấu hiệu cần khám, chuẩn bị hồ sơ và địa chỉ bệnh viện."
https://mathanoibacninh.com/khu-vuc/kham-mat-bac-ninh/xa-yen-trung/,200,"Thông tin khám mắt cho người dân xã Yên Trung, thành phố Bắc Ninh: tên địa bàn hiện hành, dấu hiệu cần khám, chuẩn bị hồ sơ và địa chỉ bệnh viện."
https://mathanoibacninh.com/kien-thuc/,200,
https://mathanoibacninh.com/kien-thuc/ai-de-bi-glocom/,200,Không rõ mình có thuộc nhóm cần đi tầm soát hay không. Bệnh viện Mắt Hà Nội – Bắc Ninh giải thích khi nào nên khám và cách chuẩn bị.
https://mathanoibacninh.com/kien-thuc/anh-sang-xanh-tu-man-hinh/,200,"Được khuyên mua kính chống ánh sáng xanh, không rõ có cần thiết. Bệnh viện Mắt Hà Nội – Bắc Ninh giải thích khi nào nên khám và cách chuẩn bị."
https://mathanoibacninh.com/kien-thuc/bac-giang-gio-thuoc-tinh-nao/,200,"Địa bàn Bắc Giang trước đây nay thuộc thành phố Bắc Ninh từ 20/09/2026. Xem cách kiểm tra địa chỉ, thông tin BHYT và giấy tờ trước khi khám mắt."
https://mathanoibacninh.com/kien-thuc/bao-hiem-y-te-kham-mat-the-nao/,200,Có thẻ bảo hiểm mà không rõ khám mắt có được dùng không. Bệnh viện Mắt Hà Nội – Bắc Ninh giải thích khi nào nên khám và cách chuẩn bị.
https://mathanoibacninh.com/kien-thuc/benh-basedow-graves-loi-mat/,200,Bài viết về Basedow và lồi mắt: khi tuyến giáp kéo theo cả hai con mắt. Xem dấu hiệu cần chú ý và thời điểm nên khám tại Bệnh viện Mắt Hà Nội – Bắc Ninh.
https://mathanoibacninh.com/kien-thuc/bhyt-kham-mat-tai-benh-vien-mat-ha-noi-bac-ninh/,200,"Bệnh viện có tiếp nhận BHYT. Xem giấy tờ nên chuẩn bị và vì sao phần được thanh toán phải kiểm tra theo thẻ, dịch vụ và hồ sơ cụ thể."
https://mathanoibacninh.com/kien-thuc/bien-chung-mat-o-nguoi-tieu-duong/,200,"Bị tiểu đường nhiều năm, mắt vẫn nhìn rõ nên chưa từng đi khám mắt. Bệnh viện Mắt Hà Nội – Bắc Ninh giải thích khi nào nên khám và cách chuẩn bị."
https://mathanoibacninh.com/kien-thuc/bit-mat-dieu-tri-nhuoc-thi/,200,"Con không chịu bịt mắt, gia đình muốn bỏ giữa chừng. Bệnh viện Mắt Hà Nội – Bắc Ninh giải thích khi nào nên khám và cách chuẩn bị."
https://mathanoibacninh.com/kien-thuc/bo-me-80-tuoi-mo-mat-duoc-khong/,200,"Bố đã 82 tuổi, có bệnh tim, không biết còn mổ được không. Bệnh viện Mắt Hà Nội – Bắc Ninh giải thích khi nào nên khám và cách chuẩn bị."
https://mathanoibacninh.com/kien-thuc/bong-vong-mac-dau-hieu-canh-bao/,200,Bài viết về Bong võng mạc: dấu hiệu cảnh báo và khi nào cần cấp cứu. Xem dấu hiệu cần chú ý và thời điểm nên khám tại Bệnh viện Mắt Hà Nội – Bắc Ninh.
https://mathanoibacninh.com/kien-thuc/bui-va-hoa-chat-trong-moi-truong-lam-viec/,200,"Mắt đỏ và rát mỗi khi tan làm, hết vào ngày nghỉ rồi lại bị. Bệnh viện Mắt Hà Nội – Bắc Ninh giải thích khi nào nên khám và cách chuẩn bị."
https://mathanoibacninh.com/kien-thuc/bui-xi-mang-vao-mat-cong-truong/,200,"Bụi xi măng vừa là hạt gây cộm vừa có tính kiềm khi gặp nước. Vì vậy, mắt tiếp xúc không nên được xử lý như một hạt bụi vô hại."
https://mathanoibacninh.com/kien-thuc/cac-phuong-phap-mo-can/,200,"Tổng quan nguyên lý phẫu thuật laser giác mạc và thấu kính nội nhãn, các giới hạn cần trao đổi với bác sĩ; không có phương pháp tốt nhất cho mọi mắt."
https://mathanoibacninh.com/kien-thuc/cach-deo-lens-va-thao-lens-don-gian-cho-nguoi-moi-bat-dau/,200,Bài viết về Cách đeo lens và tháo lens đơn giản cho người mới bắt đầu. Xem dấu hiệu cần chú ý và thời điểm nên khám tại Bệnh viện Mắt Hà Nội – Bắc Ninh.
https://mathanoibacninh.com/kien-thuc/cach-han-che-tang-do-can-cho-tre/,200,"Khi độ cận của trẻ thay đổi nhanh, phụ huynh nên lưu kết quả cũ, kiểm tra thị lực và trao đổi các cách kiểm soát tiến triển cùng bác sĩ."
https://mathanoibacninh.com/kien-thuc/can-075-do-co-can-deo-kinh/,200,"Cận 0,75 đi-ốp không tự quyết định có phải đeo kính. Tìm hiểu vai trò của thị lực, triệu chứng, công việc và đánh giá khúc xạ."
https://mathanoibacninh.com/kien-thuc/can-bao-nhieu-do-thi-mo-duoc/,200,"Cận 2, 4 hay 7 độ đều chưa đủ để kết luận có mổ được. Tìm hiểu những yếu tố bác sĩ phải đánh giá trước phẫu thuật khúc xạ."
https://mathanoibacninh.com/kien-thuc/can-nang-va-nguy-co-vong-mac/,200,"Cận trên 6 độ, nghe nói dễ bị vấn đề võng mạc mà chưa hiểu rõ. Bệnh viện Mắt Hà Nội – Bắc Ninh giải thích khi nào nên khám và cách chuẩn bị."
https://mathanoibacninh.com/kien-thuc/can-thi-la-gi-nguyen-nhan-va-dau-hieu/,200,"Nhìn xa mờ dần, phải nheo mắt, nhưng chưa biết mình bị cận hay chỉ mỏi mắt. Bệnh viện Mắt Hà Nội – Bắc Ninh giải thích khi nào nên khám và cách chuẩn bị."
https://mathanoibacninh.com/kien-thuc/can-thi-tang-do-nhanh-o-nguoi-truong-thanh/,200,"Đã ngoài 20 mà mỗi năm đi đo lại thấy tăng độ, lo không biết bao giờ dừng. Bệnh viện Mắt Hà Nội – Bắc Ninh giải thích khi nào nên khám và cách chuẩn bị."
https://mathanoibacninh.com/kien-thuc/can-thi-tre-em/,200,"Dấu hiệu, theo dõi và kiểm soát tiến triển cận thị ở trẻ."
https://mathanoibacninh.com/kien-thuc/can-thi-tre-em/page/2/,200,"Dấu hiệu, theo dõi và kiểm soát tiến triển cận thị ở trẻ."
https://mathanoibacninh.com/kien-thuc/cao-huyet-ap-anh-huong-mat/,200,"Huyết áp cao lâu năm, bác sĩ khuyên khám mắt mà không rõ vì sao. Bệnh viện Mắt Hà Nội – Bắc Ninh giải thích khi nào nên khám và cách chuẩn bị."
https://mathanoibacninh.com/kien-thuc/chalazion-va-leo-mat/,200,"Mí mắt sưng một cục, không rõ là lẹo hay chắp và có nên nặn không. Bệnh viện Mắt Hà Nội – Bắc Ninh giải thích khi nào nên khám và cách chuẩn bị."
https://mathanoibacninh.com/kien-thuc/chay-nuoc-mat-mot-ben-keo-dai-nhieu-thang/,200,Bài viết về Chảy nước mắt một bên kéo dài nhiều tháng: vì sao và làm gì. Xem dấu hiệu cần chú ý và thời điểm nên khám tại Bệnh viện Mắt Hà Nội – Bắc Ninh.
https://mathanoibacninh.com/kien-thuc/chay-nuoc-mat-nhieu-khi-ra-gio-hoac-nang/,200,Bài viết về Chảy nước mắt nhiều khi ra gió hoặc ra nắng: vì sao. Xem dấu hiệu cần chú ý và thời điểm nên khám tại Bệnh viện Mắt Hà Nội – Bắc Ninh.
https://mathanoibacninh.com/kien-thuc/chi-phi-mo-can-gom-nhung-gi/,200,"Hướng dẫn kiểm tra khoản khám trước mổ, kỹ thuật, thuốc, tái khám và đơn vị một/hai mắt trong báo giá phẫu thuật khúc xạ."
https://mathanoibacninh.com/kien-thuc/choi-quang-sang-sau-mo-can/,200,"Nhìn đèn đường thấy một vòng sáng bao quanh, thấy tia sáng tỏa ra từ đèn xe hoặc dễ lóa khi lái ban đêm là những cách người bệnh mô tả rối loạn chất lượng."
https://mathanoibacninh.com/kien-thuc/chon-noi-kham-mat-o-bac-ninh/,200,"Gợi ý sáu thông tin người bệnh nên kiểm tra trước khi đặt lịch khám mắt ở Bắc Ninh: triệu chứng, chuyên môn, lịch, chi phí, hồ sơ và tái khám."
https://mathanoibacninh.com/kien-thuc/chop-sang-va-ruoi-bay-truoc-mat/,200,"Tự nhiên thấy tia sáng loé và đốm đen bay, không biết có nguy hiểm không. Bệnh viện Mắt Hà Nội – Bắc Ninh giải thích khi nào nên khám và cách chuẩn bị."
https://mathanoibacninh.com/kien-thuc/chuan-bi-kham-bao-hiem/,200,"Giấy tờ, quy trình khám, giãn đồng tử và thông tin bảo hiểm y tế."
https://mathanoibacninh.com/kien-thuc/chuan-bi-kham-bao-hiem/page/2/,200,"Giấy tờ, quy trình khám, giãn đồng tử và thông tin bảo hiểm y tế."
https://mathanoibacninh.com/kien-thuc/com-mat-keo-dai-khong-tim-ra-di-vat/,200,Bài viết về Cộm mắt kéo dài mà khám không tìm ra dị vật: vì sao và làm gì. Xem dấu hiệu cần chú ý và thời điểm nên khám tại Bệnh viện Mắt Hà Nội – Bắc Ninh.
https://mathanoibacninh.com/kien-thuc/con-bi-can-co-tang-do-nua-khong/,200,"Con mới cận 1 độ, lo mỗi năm tăng thêm rồi thành cận nặng lúc lớn. Bệnh viện Mắt Hà Nội – Bắc Ninh giải thích khi nào nên khám và cách chuẩn bị."
https://mathanoibacninh.com/kien-thuc/con-hay-nheo-mat-khi-xem-tivi/,200,"Thấy con nheo mắt và ngồi sát tivi, không rõ là tật hay thói quen. Bệnh viện Mắt Hà Nội – Bắc Ninh giải thích khi nào nên khám và cách chuẩn bị."
https://mathanoibacninh.com/kien-thuc/cua-cha-nham-go-bao-ve-mat/,200,"Trong xưởng gỗ, một mảnh dăm có thể bật ra rất nhanh khi cưa, còn bụi mịn sau chà nhám có thể bay vòng qua hai bên kính. Hai nguy cơ tạo triệu chứng khác."
https://mathanoibacninh.com/kien-thuc/cuom-nuoc-va-cuom-kho-khac-nhau/,200,"Hai tên gọi dân gian dễ lẫn, không biết nhà mình bị loại nào. Bệnh viện Mắt Hà Nội – Bắc Ninh giải thích khi nào nên khám và cách chuẩn bị."
https://mathanoibacninh.com/kien-thuc/dau-hieu-can-kham-ngay/,200,Các triệu chứng cảnh báo cần được cơ sở y tế đánh giá sớm.
https://mathanoibacninh.com/kien-thuc/dau-hieu-can-kham-ngay/page/2/,200,Các triệu chứng cảnh báo cần được cơ sở y tế đánh giá sớm.
https://mathanoibacninh.com/kien-thuc/dau-hieu-glocom-giai-doan-som/,200,"Bố bị glôcôm, lo mình cũng mắc mà không biết vì chưa thấy triệu chứng gì. Bệnh viện Mắt Hà Nội – Bắc Ninh giải thích khi nào nên khám và cách chuẩn bị."
https://mathanoibacninh.com/kien-thuc/dau-hieu-tre-bi-can-thi-som/,200,"Nghi con nhìn không rõ nhưng con nói vẫn thấy bình thường, không biết tin ai"
https://mathanoibacninh.com/kien-thuc/dau-mat-buoi-sang-trot-bieu-mo-tai-phat/,200,"Trả lời nhanh. Một người từng bị móng tay, cạnh giấy hoặc cành cây quệt vào mắt có thể đã hết đau, rồi nhiều tuần hoặc nhiều tháng sau lại đau nhói đúng."
https://mathanoibacninh.com/kien-thuc/dau-mat-do-bao-lau-thi-khoi/,200,"Mắt đỏ và chảy nước ba ngày rồi, không biết bao giờ hết và có lây không. Bệnh viện Mắt Hà Nội – Bắc Ninh giải thích khi nào nên khám và cách chuẩn bị."
https://mathanoibacninh.com/kien-thuc/dau-mat-do-lay-qua-duong-nao/,200,"Một người trong nhà bị, lo cả nhà lây nhau. Bệnh viện Mắt Hà Nội – Bắc Ninh giải thích khi nào nên khám và cách chuẩn bị."
https://mathanoibacninh.com/kien-thuc/dau-mat-du-doi-kem-nhuc-dau-non/,200,"Đau mắt và đầu dữ dội kèm nôn, đang định uống thuốc giảm đau rồi ngủ. Bệnh viện Mắt Hà Nội – Bắc Ninh giải thích khi nào nên khám và cách chuẩn bị."
https://mathanoibacninh.com/kien-thuc/dau-nhuc-phia-sau-nhan-cau-khi-dong-mat/,200,Bài viết về Đau nhức phía sau nhãn cầu khi động mắt: tại sao lại đau. Xem dấu hiệu cần chú ý và thời điểm nên khám tại Bệnh viện Mắt Hà Nội – Bắc Ninh.
https://mathanoibacninh.com/kien-thuc/dau-nong-ban-vao-mat-so-cuu/,200,"Đang chiên rán, một giọt dầu bật lên mặt và có thể trúng mí hoặc mắt. Cảm giác rát làm người bị nạn muốn dụi, chườm đá hoặc nhỏ bất kỳ lọ thuốc nào có."
https://mathanoibacninh.com/kien-thuc/dau-quanh-hoc-mat-keo-dai-nhieu-ngay/,200,Bài viết về Đau quanh hốc mắt kéo dài nhiều ngày: khi nào cần đi khám. Xem dấu hiệu cần chú ý và thời điểm nên khám tại Bệnh viện Mắt Hà Nội – Bắc Ninh.
https://mathanoibacninh.com/kien-thuc/deo-kinh-ap-trong-mat-do-dau-so-sang/,200,"Một mắt đỏ sau khi đeo kính áp tròng có thể chỉ kích ứng nhẹ, nhưng nếu kèm đau, sợ sáng, chảy nước mắt nhiều hoặc nhìn mờ, không nên tự cho rằng “lens cọ."
https://mathanoibacninh.com/kien-thuc/deo-kinh-bao-ho-dung-cach/,200,Có kính bảo hộ nhưng mờ và bí nên hay tháo ra khi làm. Bệnh viện Mắt Hà Nội – Bắc Ninh giải thích khi nào nên khám và cách chuẩn bị.
https://mathanoibacninh.com/kien-thuc/di-kham-mat-can-chuan-bi-gi/,200,"Danh sách giấy tờ, kính, thuốc và thông tin triệu chứng nên mang theo khi khám mắt lần đầu; cách chuẩn bị cho từng bước khám tại bệnh viện."
https://mathanoibacninh.com/kien-thuc/di-vat-bay-vao-mat-xu-ly-the-nao/,200,"Có hạt gì bay vào mắt, đang định lấy tay hoặc khăn để lấy ra. Bệnh viện Mắt Hà Nội – Bắc Ninh giải thích khi nào nên khám và cách chuẩn bị."
https://mathanoibacninh.com/kien-thuc/dich-kinh-vong-mac/,200,"Ruồi bay, chớp sáng, bệnh võng mạc và biến chứng liên quan bệnh toàn thân."
https://mathanoibacninh.com/kien-thuc/dich-kinh-vong-mac/page/2/,200,"Ruồi bay, chớp sáng, bệnh võng mạc và biến chứng liên quan bệnh toàn thân."
https://mathanoibacninh.com/kien-thuc/do-can-bao-nhieu-la-nang/,200,"Cầm đơn kính về mà không hiểu các con số nghĩa là gì, không biết mình nặng hay nhẹ"
https://mathanoibacninh.com/kien-thuc/do-chieu-dai-truc-nhan-cau-o-tre-can-thi/,200,"Khi con tăng độ cận, cha mẹ thường nhìn vào số diop trên đơn kính. Một số phòng khám còn đề nghị đo chiều dài trục nhãn cầu, khiến gia đình thắc mắc: đã."
https://mathanoibacninh.com/kien-thuc/do-mat-cat-kinh-tai-benh-vien/,200,"Bệnh viện Mắt Hà Nội – Bắc Ninh có đo và cắt kính. Xem các bước cần hỏi: khám khúc xạ, đơn kính, lựa chọn tròng/gọng, báo giá và kiểm tra khi nhận."
https://mathanoibacninh.com/kien-thuc/do-mat-lam-kinh-va-kham-mat-khac-nhau/,200,Đo mắt làm kính tập trung tìm độ kính phù hợp; khám mắt chuyên khoa còn đánh giá dấu hiệu bệnh lý. Hiểu khi nào cần khám thêm.
https://mathanoibacninh.com/kien-thuc/do-nhan-ap-la-gi/,200,"Kết quả khám ghi nhãn áp kèm con số, không hiểu nghĩa là gì. Bệnh viện Mắt Hà Nội – Bắc Ninh giải thích khi nào nên khám và cách chuẩn bị."
https://mathanoibacninh.com/kien-thuc/do-thi-truong-chuan-bi-va-lam-lai/,200,"Đo thị trường là phép thử xem mắt nhận biết ánh sáng ở những vị trí nào quanh điểm đang nhìn. Người bệnh thường ngồi trước một máy hình vòm, nhìn cố định."
https://mathanoibacninh.com/kien-thuc/doi-kinh-lien-tuc-ma-van-mo/,200,"Đã đổi kính hai ba lần trong một năm, vẫn không nhìn rõ như mong đợi. Bệnh viện Mắt Hà Nội – Bắc Ninh giải thích khi nào nên khám và cách chuẩn bị."
https://mathanoibacninh.com/kien-thuc/dong-tu-trang-o-tre/,200,Chụp ảnh thấy một mắt con sáng trắng thay vì đỏ như mắt kia. Bệnh viện Mắt Hà Nội – Bắc Ninh giải thích khi nào nên khám và cách chuẩn bị.
https://mathanoibacninh.com/kien-thuc/duc-thuy-tinh-the-dau-hieu-som/,200,"Mẹ nhìn mờ dần cả hai mắt suốt một năm, không đau, không đỏ. Bệnh viện Mắt Hà Nội – Bắc Ninh giải thích khi nào nên khám và cách chuẩn bị."
https://mathanoibacninh.com/kien-thuc/ghen-trong-dinh-nhu-keo-chi/,200,Bài viết về Ghèn trong dính kéo thành sợi ở khoé mắt: vì sao và làm gì. Xem dấu hiệu cần chú ý và thời điểm nên khám tại Bệnh viện Mắt Hà Nội – Bắc Ninh.
https://mathanoibacninh.com/kien-thuc/giac-mac-hinh-chop-loan-thi-tang/,200,"Trả lời nhanh. Giác mạc hình chóp là tình trạng giác mạc mỏng và biến dạng dần, làm bề mặt khúc xạ không còn đều. Người bệnh có thể thấy số loạn thị thay."
https://mathanoibacninh.com/kien-thuc/giac-mac-ket-mac-kho-mat/,200,"Đau mắt đỏ, khô mắt, viêm bờ mi và chăm sóc bề mặt nhãn cầu."
https://mathanoibacninh.com/kien-thuc/giac-mac-ket-mac-kho-mat/page/2/,200,"Đau mắt đỏ, khô mắt, viêm bờ mi và chăm sóc bề mặt nhãn cầu."
https://mathanoibacninh.com/kien-thuc/giao-hang-lai-xe-bao-ve-mat/,200,"Làm việc trên đường khiến mắt tiếp xúc đồng thời với gió, bụi, nắng và thay đổi ánh sáng. Cách xử lý cần tách khó chịu bề mặt mắt khỏi việc nhìn không rõ biển báo hoặc vật cản."
https://mathanoibacninh.com/kien-thuc/giay-chuyen-tuyen-can-nhung-gi/,200,Được khuyên xin giấy chuyển tuyến mà không biết bắt đầu từ đâu. Bệnh viện Mắt Hà Nội – Bắc Ninh giải thích khi nào nên khám và cách chuẩn bị.
https://mathanoibacninh.com/kien-thuc/glocom-cap-dau-mat-du-doi/,200,"Đang đau mắt dữ dội một bên kèm nhức đầu và buồn nôn, không biết có nguy hiểm"
https://mathanoibacninh.com/kien-thuc/glocom-co-chua-khoi-duoc-khong/,200,Muốn biết bệnh có hết được không hay phải điều trị cả đời. Bệnh viện Mắt Hà Nội – Bắc Ninh giải thích khi nào nên khám và cách chuẩn bị.
https://mathanoibacninh.com/kien-thuc/glocom-co-di-truyen-khong/,200,"Trong nhà có người bị glôcôm, không biết con cháu cần khám từ khi nào. Bệnh viện Mắt Hà Nội – Bắc Ninh giải thích khi nào nên khám và cách chuẩn bị."
https://mathanoibacninh.com/kien-thuc/glocom-cuom-nuoc-la-benh-gi/,200,"Người thân được chẩn đoán glôcôm, không hiểu bệnh này khác cườm khô thế nào"
https://mathanoibacninh.com/kien-thuc/glocom-cuom-nuoc/,200,"Dấu hiệu, yếu tố nguy cơ, theo dõi nhãn áp và bảo vệ thị lực."
https://mathanoibacninh.com/kien-thuc/glocom-cuom-nuoc/page/2/,200,"Dấu hiệu, yếu tố nguy cơ, theo dõi nhãn áp và bảo vệ thị lực."
https://mathanoibacninh.com/kien-thuc/glocom-goc-mo-mat-thi-truong-am-tham/,200,Bài viết về Glôcôm góc mở: mất thị trường âm thầm khó nhận ra. Xem dấu hiệu cần chú ý và thời điểm nên khám tại Bệnh viện Mắt Hà Nội – Bắc Ninh.
https://mathanoibacninh.com/kien-thuc/glocom-nhan-ap-binh-thuong/,200,Một người nhận kết quả nhãn áp trong khoảng thường được xem là bình thường và yên tâm rằng mình không thể mắc glôcôm. Suy luận ấy không an toàn. Glôcôm là.
https://mathanoibacninh.com/kien-thuc/hai-dong-tu-khac-kich-thuoc-moi-xuat-hien/,200,"Một bức ảnh chụp gần cho thấy một đồng tử to hơn đồng tử còn lại. Có người nhớ trước đây mắt vẫn vậy, nhưng có người chỉ mới nhận ra sau khi đau đầu, sụp."
https://mathanoibacninh.com/kien-thuc/hai-mat-nhin-khong-cung-huong-o-nguoi-truong-thanh/,200,Bài viết về Hai mắt nhìn không cùng hướng ở người trưởng thành. Xem dấu hiệu cần chú ý và thời điểm nên khám tại Bệnh viện Mắt Hà Nội – Bắc Ninh.
https://mathanoibacninh.com/kien-thuc/han-dien-va-tia-cuc-tim/,200,"Hàn xong đêm về mắt đau rát dữ dội, không hiểu vì sao lúc làm không đau. Bệnh viện Mắt Hà Nội – Bắc Ninh giải thích khi nào nên khám và cách chuẩn bị."
https://mathanoibacninh.com/kien-thuc/he-dung-cham-da-ma-quen-mat-bac-si-tiet-lo-ly-do/,200,Bài viết về Hè Đừng Chăm Da Mà Quên Mắt: Bác Sĩ Tiết Lộ Lý Do. Xem dấu hiệu cần chú ý và thời điểm nên khám tại Bệnh viện Mắt Hà Nội – Bắc Ninh.
https://mathanoibacninh.com/kien-thuc/ket-qua-kham-mat-doc-the-nao/,200,Cầm phiếu kết quả về mà toàn ký hiệu viết tắt không hiểu. Bệnh viện Mắt Hà Nội – Bắc Ninh giải thích khi nào nên khám và cách chuẩn bị.
https://mathanoibacninh.com/kien-thuc/kham-can-thi-bao-nhieu-tien/,200,Chi phí khám cận thị gồm những khoản nào và khi nào cần thăm dò bổ sung? Cách đọc bảng giá bệnh viện mà không nhầm với tổng tiền phải trả.
https://mathanoibacninh.com/kien-thuc/kham-can-thi-cho-tre-o-bac-ninh/,200,"Dấu hiệu trẻ nên được khám mắt, những gì phụ huynh cần mang theo và cách theo dõi sau khi nhận kết quả khúc xạ."
https://mathanoibacninh.com/kien-thuc/kham-dung-tuyen-va-vuot-tuyen/,200,Không rõ phải xin giấy chuyển tuyến hay đi trực tiếp được. Bệnh viện Mắt Hà Nội – Bắc Ninh giải thích khi nào nên khám và cách chuẩn bị.
https://mathanoibacninh.com/kien-thuc/kham-khuc-xa-gom-nhung-gi/,200,"Phân biệt đo thị lực, đo khúc xạ, thử kính và khám mắt chuyên khoa; biết vì sao quy trình khám cận thị có thể khác nhau giữa người bệnh."
https://mathanoibacninh.com/kien-thuc/kham-mat-cho-tre-truoc-tuoi-di-hoc/,200,"Con sắp vào lớp 1, muốn kiểm tra mắt mà không biết khám những gì. Bệnh viện Mắt Hà Nội – Bắc Ninh giải thích khi nào nên khám và cách chuẩn bị."
https://mathanoibacninh.com/kien-thuc/kham-mat-hoc-duong-cho-hoc-sinh/,200,"Trường thông báo con có kết quả nghi ngờ về thị lực, chưa biết bước tiếp theo"
https://mathanoibacninh.com/kien-thuc/kham-mat-ngoai-gio-hanh-chinh/,200,"Làm ca kín tuần, không xin nghỉ được để đi khám mắt. Bệnh viện Mắt Hà Nội – Bắc Ninh giải thích khi nào nên khám và cách chuẩn bị."
https://mathanoibacninh.com/kien-thuc/kham-suc-khoe-thi-luc-cho-cong-nhan/,200,"Công ty tổ chức khám sức khoẻ, phần mắt chỉ đọc bảng chữ trong một phút. Bệnh viện Mắt Hà Nội – Bắc Ninh giải thích khi nào nên khám và cách chuẩn bị."
https://mathanoibacninh.com/kien-thuc/kham-truoc-mo-can-gom-nhung-gi/,200,"Các nhóm kiểm tra trước phẫu thuật khúc xạ, giấy tờ nên mang và câu hỏi cần trao đổi; không tự ngừng thuốc hay kính áp tròng khi chưa được hướng dẫn."
https://mathanoibacninh.com/kien-thuc/khi-nao-can-kham-lai-mat/,200,Đã khám xong nhưng không rõ bao lâu nên quay lại kiểm tra. Bệnh viện Mắt Hà Nội – Bắc Ninh giải thích khi nào nên khám và cách chuẩn bị.
https://mathanoibacninh.com/kien-thuc/kho-mat-nang-khong-do-du-da-nho-thuoc/,200,"Bài viết về Khô mắt nặng, nhỏ thuốc nhiều tháng vẫn không đỡ. Xem dấu hiệu cần chú ý và thời điểm nên khám tại Bệnh viện Mắt Hà Nội – Bắc Ninh."
https://mathanoibacninh.com/kien-thuc/kho-mat-nguyen-nhan-va-xu-tri/,200,Nhỏ nước mắt nhân tạo nhiều lần mỗi ngày mà vẫn khô rát. Bệnh viện Mắt Hà Nội – Bắc Ninh giải thích khi nào nên khám và cách chuẩn bị.
https://mathanoibacninh.com/kien-thuc/kho-mat-sau-mo-can-khi-nao-tai-kham/,200,"Sau phẫu thuật khúc xạ, một số người thấy cộm, rát, chảy nước mắt hoặc nhìn rõ lúc đầu rồi mờ khi dùng máy tính lâu. Khô mắt là một khả năng, nhưng không."
https://mathanoibacninh.com/kien-thuc/kho-mat-trong-phong-dieu-hoa/,200,"Rát, cộm hoặc chảy nước mắt khi làm việc trong phòng điều hòa không nhất thiết là dị ứng. Luồng gió trực tiếp, không khí khô và thời gian nhìn màn hình kéo dài có thể cùng làm triệu chứng rõ hơn."
https://mathanoibacninh.com/kien-thuc/khong-nen-tu-y-mua-khang-sinh-tri-dau-mat-do/,200,Bài viết về Không nên tự ý mua kháng sinh trị đau mắt đỏ. Xem dấu hiệu cần chú ý và thời điểm nên khám tại Bệnh viện Mắt Hà Nội – Bắc Ninh.
https://mathanoibacninh.com/kien-thuc/kiem-soat-tien-trien-can-thi-la-gi/,200,"Nghe nhiều nơi quảng cáo chữa cận cho trẻ, không biết đâu là thật. Bệnh viện Mắt Hà Nội – Bắc Ninh giải thích khi nào nên khám và cách chuẩn bị."
https://mathanoibacninh.com/kien-thuc/kien-thuc-phau-thuat-khuc-xa/,200,Thông tin tham khảo về đánh giá và phẫu thuật khúc xạ; chỉ định cần bác sĩ chuyên khoa xác nhận.
https://mathanoibacninh.com/kien-thuc/kinh-ap-trong-khi-lam-viec-nhieu-bui/,200,"Kính áp tròng không phải kính bảo hộ. Người làm ở nơi có bụi hoặc nguy cơ bắn vật nhỏ cần đánh giá loại bảo vệ mắt theo công việc, dù có đeo kính áp tròng."
https://mathanoibacninh.com/kien-thuc/kinh-bao-ho-bi-mo-hoac-tray/,200,"Kính bảo hộ chỉ có ích khi người dùng vẫn nhìn rõ và sẵn sàng đeo suốt công đoạn nguy cơ. Tròng mờ, trầy nhiều hoặc gọng lỏng có thể khiến người lao động tháo kính đúng lúc cần bảo vệ."
https://mathanoibacninh.com/kien-thuc/kinh-can-co-thay-kinh-bao-ho-duoc-khong/,200,"Một cặp kính có độ giúp nhìn rõ, nhưng thông thường không được thiết kế để chịu va đập hay ngăn mảnh bắn từ bên cạnh. Bảo vệ mắt cần phù hợp với mối nguy tại nơi làm việc."
https://mathanoibacninh.com/kien-thuc/kinh-da-trong-sau-tuoi-40/,200,"Sau tuổi 40, nhiều người phải đưa điện thoại ra xa mới đọc được, trong khi vẫn cần nhìn biển đường và màn hình máy tính. Kính đa tròng là một lựa chọn."
https://mathanoibacninh.com/kien-thuc/kinh-khong-con-dung-do-khi-nao-do-lai/,200,Bài viết về Kính không còn đúng độ: khi nào cần đo lại. Xem dấu hiệu cần chú ý và thời điểm nên khám tại Bệnh viện Mắt Hà Nội – Bắc Ninh.
https://mathanoibacninh.com/kien-thuc/kinh-moi-dung-don-nhung-deo-kho-chiu/,200,"Bạn vừa làm kính theo đơn, cửa hàng xác nhận độ cầu, độ loạn và trục đều đúng, nhưng đeo vào thấy chóng mặt, sàn hơi nghiêng hoặc chữ mờ khi nhìn qua một."
https://mathanoibacninh.com/kien-thuc/la-lua-canh-cay-quet-vao-mat/,200,"Trong lúc gặt lúa, tỉa cây hoặc đi qua bụi rậm, một lá nhọn quệt ngang mắt. Cảm giác cộm thường khiến người bị nạn muốn lấy khăn chà, dùng móng tay kéo."
https://mathanoibacninh.com/kien-thuc/lac-mat-o-tre-co-tu-het-khong/,200,"Người lớn nói lớn lên sẽ hết, không biết có nên chờ. Bệnh viện Mắt Hà Nội – Bắc Ninh giải thích khi nào nên khám và cách chuẩn bị."
https://mathanoibacninh.com/kien-thuc/lac-trong-lac-ngoai-khac-nhau/,200,"Con bị lệch mắt, không hiểu bác sĩ ghi loại gì trong sổ. Bệnh viện Mắt Hà Nội – Bắc Ninh giải thích khi nào nên khám và cách chuẩn bị."
https://mathanoibacninh.com/kien-thuc/lai-xe-ban-dem-nhin-kem/,200,"Đi làm về đêm thấy khó nhìn hơn trước, lo mất an toàn. Bệnh viện Mắt Hà Nội – Bắc Ninh giải thích khi nào nên khám và cách chuẩn bị."
https://mathanoibacninh.com/kien-thuc/lam-viec-ngoai-troi-bao-ve-mat-tia-uv/,200,"Người giao hàng, xây dựng, nông nghiệp hoặc thường xuyên làm việc ngoài trời cần bảo vệ mắt khỏi tia cực tím. Màu kính tối không chứng minh khả năng lọc UV."
https://mathanoibacninh.com/kien-thuc/lam-viec-trong-kho-lanh-mat-cay/,200,"Không khí lạnh, luồng gió và việc chuyển nhanh giữa môi trường lạnh–ấm có thể làm mắt khó chịu. Nhưng cay, đỏ hoặc chảy nước mắt cũng có thể do khô mắt, bụi, kính bảo hộ không phù hợp hoặc nguyên nhân khác."
https://mathanoibacninh.com/kien-thuc/lao-thi-va-duc-thuy-tinh-the-khac-nhau/,200,"Ngoài 45 tuổi đọc gần phải đưa xa, lo không biết là lão thị hay bệnh nặng hơn"
https://mathanoibacninh.com/kien-thuc/lao-thi-vi-sao-sau-40-tuoi-nhin-gan-mo/,200,Bài viết về Lão thị: vì sao sau 40 tuổi nhìn gần mờ. Xem dấu hiệu cần chú ý và thời điểm nên khám tại Bệnh viện Mắt Hà Nội – Bắc Ninh.
https://mathanoibacninh.com/kien-thuc/lech-do-hai-mat/,200,"Hai mắt chênh nhau nhiều độ, đeo kính thấy chóng mặt và khó chịu. Bệnh viện Mắt Hà Nội – Bắc Ninh giải thích khi nào nên khám và cách chuẩn bị."
https://mathanoibacninh.com/kien-thuc/lo-hoang-diem-vi-sao-nhin-meo/,200,Bài viết về Lỗ hoàng điểm: vì sao đường thẳng thành cong. Xem dấu hiệu cần chú ý và thời điểm nên khám tại Bệnh viện Mắt Hà Nội – Bắc Ninh.
https://mathanoibacninh.com/kien-thuc/loan-thi-khong-deu-kinh-dung-van-mo/,200,"Bạn đã đo mắt, làm kính theo đơn mới, cửa hàng kiểm tra tròng đúng số nhưng chữ vẫn có bóng hoặc vật thẳng trông hơi méo. Một khả năng cần bác sĩ đánh giá."
https://mathanoibacninh.com/kien-thuc/loan-thi-la-gi-khac-can-thi-the-nao/,200,"Bác sĩ nói vừa cận vừa loạn, không hiểu loạn thị là bệnh riêng hay chỉ là cận nặng hơn"
https://mathanoibacninh.com/kien-thuc/loet-giac-mac-dau-hieu-nguy-hiem/,200,"Mắt đau nhức, sợ sáng và nhìn mờ sau khi bị bụi bay vào. Bệnh viện Mắt Hà Nội – Bắc Ninh giải thích khi nào nên khám và cách chuẩn bị."
https://mathanoibacninh.com/kien-thuc/loi-mat-mot-ben-khac-han-truoc/,200,"Bài viết về Lồi mắt một bên, khác hẳn trước: nguyên nhân và khi nào cần khám. Xem dấu hiệu cần chú ý và thời điểm nên khám tại Bệnh viện Mắt Hà Nội – Bắc Ninh."
https://mathanoibacninh.com/kien-thuc/mai-khoan-kim-loai-bao-ve-mat/,200,Mảnh bắn khi mài hoặc khoan không chỉ đi thẳng phía trước. Khoảng hở quanh kính và việc tháo kính để quan sát nhanh đều làm tăng nguy cơ chấn thương mắt.
https://mathanoibacninh.com/kien-thuc/man-che-truoc-mat-nhu-buc-man/,200,"Một góc tầm nhìn bị che như có bức màn, không đau. Bệnh viện Mắt Hà Nội – Bắc Ninh giải thích khi nào nên khám và cách chuẩn bị."
https://mathanoibacninh.com/kien-thuc/man-hinh-bi-loa-khi-lam-viec/,200,"Lóa trên màn hình khiến chữ khó đọc và người làm việc dễ nheo mắt, nghiêng đầu hoặc tăng độ sáng quá mức. Trước khi quy vấn đề cho mắt yếu, hãy quan sát hướng cửa sổ, đèn trần và mặt bàn."
https://mathanoibacninh.com/kien-thuc/mang-truoc-vong-mac-la-gi/,200,Bài viết về Màng trước võng mạc: vì sao ảnh mờ và biến dạng. Xem dấu hiệu cần chú ý và thời điểm nên khám tại Bệnh viện Mắt Hà Nội – Bắc Ninh.
https://mathanoibacninh.com/kien-thuc/mat-bi-cham-thuong-do-vat-nhon/,200,"Vừa bị hoá chất hoặc vật nhọn vào mắt, không biết phải làm gì trước. Bệnh viện Mắt Hà Nội – Bắc Ninh giải thích khi nào nên khám và cách chuẩn bị."
https://mathanoibacninh.com/kien-thuc/mat-com-nhu-co-hat-cat/,200,Cảm giác có gì trong mắt cả ngày mà soi gương không thấy gì. Bệnh viện Mắt Hà Nội – Bắc Ninh giải thích khi nào nên khám và cách chuẩn bị.
https://mathanoibacninh.com/kien-thuc/mat-do-kem-ghen-vang-dinh-mi-buoi-sang/,200,Bài viết về Mắt đỏ kèm ghèn vàng dính mi buổi sáng: nguyên nhân và xử lý. Xem dấu hiệu cần chú ý và thời điểm nên khám tại Bệnh viện Mắt Hà Nội – Bắc Ninh.
https://mathanoibacninh.com/kien-thuc/mat-do-keo-dai-nhieu-tuan-khong-do/,200,Bài viết về Mắt đỏ kéo dài nhiều tuần không đỡ: nguyên nhân thật sự. Xem dấu hiệu cần chú ý và thời điểm nên khám tại Bệnh viện Mắt Hà Nội – Bắc Ninh.
https://mathanoibacninh.com/kien-thuc/mat-do-khong-dau-khong-mo/,200,Bài viết về Mắt đỏ nhưng thị lực bình thường: có cần lo không. Xem dấu hiệu cần chú ý và thời điểm nên khám tại Bệnh viện Mắt Hà Nội – Bắc Ninh.
https://mathanoibacninh.com/kien-thuc/mat-do-khong-phai-dau-mat-do/,200,"Mắt đỏ mà không có nhiều dử, kèm đau và nhìn mờ. Bệnh viện Mắt Hà Nội – Bắc Ninh giải thích khi nào nên khám và cách chuẩn bị."
https://mathanoibacninh.com/kien-thuc/mat-do-mot-mang-tim-sam-duoi-ket-mac/,200,Bài viết về Mắt đỏ một mảng tím sẫm dưới kết mạc: có nguy hiểm không. Xem dấu hiệu cần chú ý và thời điểm nên khám tại Bệnh viện Mắt Hà Nội – Bắc Ninh.
https://mathanoibacninh.com/kien-thuc/mat-do-sau-khi-boi-hoac-tam-bien/,200,Bài viết về Mắt đỏ sau khi bơi hoặc tắm biển: nguyên nhân và xử lý. Xem dấu hiệu cần chú ý và thời điểm nên khám tại Bệnh viện Mắt Hà Nội – Bắc Ninh.
https://mathanoibacninh.com/kien-thuc/mat-giat-va-co-mi-lien-tuc/,200,"Mí mắt giật nhiều ngày không dứt, lo có bệnh thần kinh. Bệnh viện Mắt Hà Nội – Bắc Ninh giải thích khi nào nên khám và cách chuẩn bị."
https://mathanoibacninh.com/kien-thuc/mat-keo-may-la-benh-gi/,200,"Bố mẹ nói mắt bị kéo mây, không biết đó là bệnh gì trong y khoa. Bệnh viện Mắt Hà Nội – Bắc Ninh giải thích khi nào nên khám và cách chuẩn bị."
https://mathanoibacninh.com/kien-thuc/mat-mo-buoi-toi-ban-ngay-thi-ro/,200,"Bài viết về Mắt mờ buổi tối, ban ngày thì rõ: nguyên nhân và khi nào cần khám. Xem dấu hiệu cần chú ý và thời điểm nên khám tại Bệnh viện Mắt Hà Nội – Bắc Ninh."
https://mathanoibacninh.com/kien-thuc/mat-mo-dan-theo-thoi-gian-o-nguoi-truong-thanh/,200,Bài viết về Mắt mờ dần ở người trưởng thành: lão thị hay bệnh lý. Xem dấu hiệu cần chú ý và thời điểm nên khám tại Bệnh viện Mắt Hà Nội – Bắc Ninh.
https://mathanoibacninh.com/kien-thuc/mat-mo-dot-ngot-mot-ben/,200,"Sáng nay một bên mắt mờ hẳn đi trong vài phút, rất lo. Bệnh viện Mắt Hà Nội – Bắc Ninh giải thích khi nào nên khám và cách chuẩn bị."
https://mathanoibacninh.com/kien-thuc/mat-mo-dot-ngot-trong-vai-phut/,200,"Mắt mờ một lúc rồi tự hết, thấy ổn nên nghĩ không sao. Bệnh viện Mắt Hà Nội – Bắc Ninh giải thích khi nào nên khám và cách chuẩn bị."
https://mathanoibacninh.com/kien-thuc/mat-mo-kem-nhin-meo-duong-thang-thanh-cong/,200,"Bài viết về Nhìn méo, đường thẳng thành cong: tổn thương hoàng điểm. Xem dấu hiệu cần chú ý và thời điểm nên khám tại Bệnh viện Mắt Hà Nội – Bắc Ninh."
https://mathanoibacninh.com/kien-thuc/mat-mo-kem-thay-man-che-hoac-mat-mang-tam-nhin/,200,Bài viết về Mắt mờ kèm thấy màn che hoặc mất mảng tầm nhìn: cảnh báo võng mạc. Xem dấu hiệu cần chú ý và thời điểm nên khám tại Bệnh viện Mắt Hà Nội – Bắc Ninh.
https://mathanoibacninh.com/kien-thuc/mat-mo-khi-nhin-gan-nhin-xa-thi-ro/,200,"Bài viết về Mắt mờ khi nhìn gần, nhìn xa vẫn rõ: lão thị hay vấn đề khác. Xem dấu hiệu cần chú ý và thời điểm nên khám tại Bệnh viện Mắt Hà Nội – Bắc Ninh."
https://mathanoibacninh.com/kien-thuc/mat-mo-khi-nhin-xa-nhin-gan-thi-ro/,200,"Bài viết về Mắt mờ khi nhìn xa, nhìn gần thì rõ: cận thị hay bệnh lý. Xem dấu hiệu cần chú ý và thời điểm nên khám tại Bệnh viện Mắt Hà Nội – Bắc Ninh."
https://mathanoibacninh.com/kien-thuc/mat-mo-mot-ben-ben-kia-van-ro/,200,"Bài viết về Mắt mờ một bên, bên kia vẫn rõ: khi nào cần lo. Xem dấu hiệu cần chú ý và thời điểm nên khám tại Bệnh viện Mắt Hà Nội – Bắc Ninh."
https://mathanoibacninh.com/kien-thuc/mat-mo-mot-ben-khong-phai-can-thi/,200,"Một bên mắt mờ hơn bên kia rõ rệt, đo kính không cải thiện được. Bệnh viện Mắt Hà Nội – Bắc Ninh giải thích khi nào nên khám và cách chuẩn bị."
https://mathanoibacninh.com/kien-thuc/mat-nguoi-cao-tuoi-kham-dinh-ky/,200,"Bố mẹ chưa khám mắt bao giờ, không biết nên đi mấy lần một năm. Bệnh viện Mắt Hà Nội – Bắc Ninh giải thích khi nào nên khám và cách chuẩn bị."
https://mathanoibacninh.com/kien-thuc/mat-nguoi-cao-tuoi/,200,"Đục thủy tinh thể, chăm sóc sau mổ và những vấn đề thường gặp ở người cao tuổi."
https://mathanoibacninh.com/kien-thuc/mat-nguoi-cao-tuoi/page/2/,200,"Đục thủy tinh thể, chăm sóc sau mổ và những vấn đề thường gặp ở người cao tuổi."
https://mathanoibacninh.com/kien-thuc/mat-nhay-cam-voi-anh-sang/,200,"Ra sáng là chảy nước mắt và phải nhắm, khác hẳn trước đây. Bệnh viện Mắt Hà Nội – Bắc Ninh giải thích khi nào nên khám và cách chuẩn bị."
https://mathanoibacninh.com/kien-thuc/mat-nong-rat-kem-chay-nuoc-mat/,200,Bài viết về Mắt nóng rát kèm chảy nước mắt: nguyên nhân và cách xử lý. Xem dấu hiệu cần chú ý và thời điểm nên khám tại Bệnh viện Mắt Hà Nội – Bắc Ninh.
https://mathanoibacninh.com/kien-thuc/mat-tiet-dich-lan-mau/,200,Bài viết về Mắt tiết dịch lẫn máu: nguyên nhân và khi nào phải đi khám. Xem dấu hiệu cần chú ý và thời điểm nên khám tại Bệnh viện Mắt Hà Nội – Bắc Ninh.
https://mathanoibacninh.com/kien-thuc/mat-va-cong-viec-nha-may/,200,"Làm việc gần máy móc và bụi kim loại, không rõ cần bảo hộ mức nào. Bệnh viện Mắt Hà Nội – Bắc Ninh giải thích khi nào nên khám và cách chuẩn bị."
https://mathanoibacninh.com/kien-thuc/mat-va-moi-truong-lam-viec/,200,"Màn hình, bụi, hóa chất, ánh sáng và bảo vệ mắt trong công việc."
https://mathanoibacninh.com/kien-thuc/mat-va-moi-truong-lam-viec/page/2/,200,"Màn hình, bụi, hóa chất, ánh sáng và bảo vệ mắt trong công việc."
https://mathanoibacninh.com/kien-thuc/mat-va-moi-truong-lam-viec/page/3/,200,"Màn hình, bụi, hóa chất, ánh sáng và bảo vệ mắt trong công việc."
https://mathanoibacninh.com/kien-thuc/mat-va-thai-ky/,200,"Bài viết về Mắt và thai kỳ: thay đổi gì, khi nào cần lo. Xem dấu hiệu cần chú ý và thời điểm nên khám tại Bệnh viện Mắt Hà Nội – Bắc Ninh."
https://mathanoibacninh.com/kien-thuc/mi-duoi-lat-ra-ngoai-lo-niem-mac/,200,"Bài viết về Mi dưới lật ra ngoài, lộ niêm mạc: vì sao và xử lý. Xem dấu hiệu cần chú ý và thời điểm nên khám tại Bệnh viện Mắt Hà Nội – Bắc Ninh."
https://mathanoibacninh.com/kien-thuc/mi-quap-vao-trong-long-mi-choc-mat/,200,"Bài viết về Mi quặp vào trong, lông mi chọc vào mắt: nhận biết và xử lý. Xem dấu hiệu cần chú ý và thời điểm nên khám tại Bệnh viện Mắt Hà Nội – Bắc Ninh."
https://mathanoibacninh.com/kien-thuc/mo-duc-thuy-tinh-the-co-nguy-hiem/,200,"Nghe nhiều người nói mổ mắt đơn giản, nhưng vẫn lo cho bố mẹ tuổi cao. Bệnh viện Mắt Hà Nội – Bắc Ninh giải thích khi nào nên khám và cách chuẩn bị."
https://mathanoibacninh.com/kien-thuc/mo-lai-sau-mo-duc-thuy-tinh-the/,200,"Nhiều người mổ đục thủy tinh thể đã nhìn rõ một thời gian, rồi vài tháng hoặc vài năm sau thấy hình ảnh như phủ sương. Một khả năng thường được nhắc tới."
https://mathanoibacninh.com/kien-thuc/mo-mat-bao-lau-thi-nhin-ro/,200,Cần biết phải xin nghỉ làm bao nhiêu ngày để chăm bố mẹ. Bệnh viện Mắt Hà Nội – Bắc Ninh giải thích khi nào nên khám và cách chuẩn bị.
https://mathanoibacninh.com/kien-thuc/mong-mat-khi-nao-can-mo/,200,Bài viết về Mộng mắt (màng mắt): khi nào cần mổ. Xem dấu hiệu cần chú ý và thời điểm nên khám tại Bệnh viện Mắt Hà Nội – Bắc Ninh.
https://mathanoibacninh.com/kien-thuc/mong-mo-va-mong-thit-khac-nhau/,200,"Trả lời nhanh. Mộng mỡ thường là một nốt hơi vàng, gồ lên ở phần lòng trắng; mộng thịt là mô có mạch máu phát triển từ kết mạc và có thể lấn lên giác mạc."
https://mathanoibacninh.com/kien-thuc/muoi-dau-hieu-o-mat-phai-di-kham-ngay/,200,"Đang có triệu chứng lạ ở mắt, không biết chờ được đến mai hay phải đi luôn. Bệnh viện Mắt Hà Nội – Bắc Ninh giải thích khi nào nên khám và cách chuẩn bị."
https://mathanoibacninh.com/kien-thuc/nguoi-gia-di-kham-mat-can-nguoi-di-cung/,200,Không biết có phải xin nghỉ để đưa bố mẹ đi hay để đi một mình được. Bệnh viện Mắt Hà Nội – Bắc Ninh giải thích khi nào nên khám và cách chuẩn bị.
https://mathanoibacninh.com/kien-thuc/nguoi-gia-mat-mo-nhin-khong-ro/,200,"Bố nhìn kém đi rõ rệt, không rõ do tuổi hay do bệnh cần chữa. Bệnh viện Mắt Hà Nội – Bắc Ninh giải thích khi nào nên khám và cách chuẩn bị."
https://mathanoibacninh.com/kien-thuc/nhan-ap-cao-chua-ton-thuong/,200,Bài viết về Nhãn áp cao nhưng chưa tổn thương thần kinh thị giác. Xem dấu hiệu cần chú ý và thời điểm nên khám tại Bệnh viện Mắt Hà Nội – Bắc Ninh.
https://mathanoibacninh.com/kien-thuc/nhan-vien-y-te-kinh-bao-ve-mat-giot-ban/,200,"Trong chăm sóc người bệnh, mắt có thể tiếp xúc với giọt bắn, dịch cơ thể hoặc hóa chất khử khuẩn. Loại bảo vệ được chọn theo thao tác và đánh giá nguy cơ."
https://mathanoibacninh.com/kien-thuc/nhin-doi-nhin-nhoe/,200,"Nhìn một vật thành hai, không rõ tại mắt hay nguyên nhân khác. Bệnh viện Mắt Hà Nội – Bắc Ninh giải thích khi nào nên khám và cách chuẩn bị."
https://mathanoibacninh.com/kien-thuc/nhin-mo-do-mat-hay-do-nao/,200,"Mắt mờ kèm đau đầu, lo không biết vấn đề ở mắt hay ở chỗ khác. Bệnh viện Mắt Hà Nội – Bắc Ninh giải thích khi nào nên khám và cách chuẩn bị."
https://mathanoibacninh.com/kien-thuc/nhin-thay-quang-sang-quanh-den/,200,"Đèn xe ban đêm toả quầng lớn, lái xe buổi tối rất khó. Bệnh viện Mắt Hà Nội – Bắc Ninh giải thích khi nào nên khám và cách chuẩn bị."
https://mathanoibacninh.com/kien-thuc/nho-thuoc-gian-dong-tu-anh-huong-gi/,200,"Được nhỏ thuốc làm mắt mờ và chói, không rõ bao giờ hết. Bệnh viện Mắt Hà Nội – Bắc Ninh giải thích khi nào nên khám và cách chuẩn bị."
https://mathanoibacninh.com/kien-thuc/nhuc-moi-mat-khi-nhin-may-tinh/,200,"Cuối ngày mắt mỏi nhức, không rõ là bình thường hay dấu hiệu bệnh. Bệnh viện Mắt Hà Nội – Bắc Ninh giải thích khi nào nên khám và cách chuẩn bị."
https://mathanoibacninh.com/kien-thuc/nhuoc-thi-dieu-tri-den-tuoi-nao/,200,"Con đã 8 tuổi mới phát hiện, lo đã quá muộn. Bệnh viện Mắt Hà Nội – Bắc Ninh giải thích khi nào nên khám và cách chuẩn bị."
https://mathanoibacninh.com/kien-thuc/nhuoc-thi-la-gi-o-tre/,200,Con đeo kính đúng độ mà một mắt vẫn nhìn kém hơn hẳn. Bệnh viện Mắt Hà Nội – Bắc Ninh giải thích khi nào nên khám và cách chuẩn bị.
https://mathanoibacninh.com/kien-thuc/nhuoc-thi-lac-tre-em/,200,"Phát hiện sớm, theo dõi thị giác và các vấn đề mắt ở trẻ nhỏ."
https://mathanoibacninh.com/kien-thuc/nhuoc-thi-lac-tre-em/page/2/,200,"Phát hiện sớm, theo dõi thị giác và các vấn đề mắt ở trẻ nhỏ."
https://mathanoibacninh.com/kien-thuc/nuoc-mat-nhan-tao-dung-the-nao/,200,"Trên kệ có hàng chục loại, không biết loại nào phù hợp. Bệnh viện Mắt Hà Nội – Bắc Ninh giải thích khi nào nên khám và cách chuẩn bị."
https://mathanoibacninh.com/kien-thuc/nuoc-tay-rua-ban-vao-mat-khi-lam-viec/,200,"Khi chất tẩy rửa bắn vào mắt, việc đầu tiên là bắt đầu rửa bằng nước sạch đang chảy. Không chờ tìm thuốc nhỏ, không cố trung hòa bằng một hóa chất khác."
https://mathanoibacninh.com/kien-thuc/oct-than-kinh-thi-giac-co-thay-kham-mat/,200,"Một tờ OCT nhiều màu thường khiến người bệnh yên tâm hoặc lo lắng hơn cả lời giải thích của bác sĩ. Vùng xanh được hiểu là “mắt khỏe”, vùng đỏ thành “chắc."
https://mathanoibacninh.com/kien-thuc/page/10/,200,
https://mathanoibacninh.com/kien-thuc/page/11/,200,
https://mathanoibacninh.com/kien-thuc/page/12/,200,
https://mathanoibacninh.com/kien-thuc/page/13/,200,
https://mathanoibacninh.com/kien-thuc/page/14/,200,
https://mathanoibacninh.com/kien-thuc/page/15/,200,
https://mathanoibacninh.com/kien-thuc/page/16/,200,
https://mathanoibacninh.com/kien-thuc/page/17/,200,
https://mathanoibacninh.com/kien-thuc/page/18/,200,
https://mathanoibacninh.com/kien-thuc/page/19/,200,
https://mathanoibacninh.com/kien-thuc/page/2/,200,
https://mathanoibacninh.com/kien-thuc/page/20/,200,
https://mathanoibacninh.com/kien-thuc/page/3/,200,
https://mathanoibacninh.com/kien-thuc/page/4/,200,
https://mathanoibacninh.com/kien-thuc/page/5/,200,
https://mathanoibacninh.com/kien-thuc/page/6/,200,
https://mathanoibacninh.com/kien-thuc/page/7/,200,
https://mathanoibacninh.com/kien-thuc/page/8/,200,
https://mathanoibacninh.com/kien-thuc/page/9/,200,
https://mathanoibacninh.com/kien-thuc/phu-hoang-diem-do-dai-thao-duong/,200,"Một người sống với đái tháo đường có thể đọc chữ nhỏ khó hơn, đường kẻ trông cong hoặc khuôn mặt ở giữa tầm nhìn thiếu nét. Một nguyên nhân quan trọng cần."
https://mathanoibacninh.com/kien-thuc/phun-thuoc-bao-ve-thuc-vat-bao-ve-mat/,200,"Thuốc bảo vệ thực vật có nhiều hoạt chất, nồng độ và hướng dẫn sơ cứu khác nhau. Người pha hoặc phun cần đọc nhãn sản phẩm và chuẩn bị phương tiện bảo vệ mắt đúng loại trước khi mở nắp."
https://mathanoibacninh.com/kien-thuc/quy-tac-20-20-20-cho-nguoi-lam-may-tinh/,200,"Ngồi máy tính 8 tiếng mỗi ngày, muốn biết cách nào có căn cứ. Bệnh viện Mắt Hà Nội – Bắc Ninh giải thích khi nào nên khám và cách chuẩn bị."
https://mathanoibacninh.com/kien-thuc/quy-trinh-kham-mat-gom-may-buoc/,200,Muốn ước lượng thời gian để xin nghỉ làm đúng. Bệnh viện Mắt Hà Nội – Bắc Ninh giải thích khi nào nên khám và cách chuẩn bị.
https://mathanoibacninh.com/kien-thuc/sau-mo-mat-kieng-an-gi-kieng-lam-gi/,200,"Mỗi người mách một kiểu, không biết cái nào đúng cái nào là lời truyền miệng"
https://mathanoibacninh.com/kien-thuc/seo-giac-mac-sau-chan-thuong-hoac-loet/,200,Bài viết về Sẹo giác mạc sau chấn thương hoặc sau loét: vì sao mắt vẫn mờ. Xem dấu hiệu cần chú ý và thời điểm nên khám tại Bệnh viện Mắt Hà Nội – Bắc Ninh.
https://mathanoibacninh.com/kien-thuc/soi-day-mat-la-gi/,200,"Được hẹn soi đáy mắt, lo không biết có đau và có tự đi về được không. Bệnh viện Mắt Hà Nội – Bắc Ninh giải thích khi nào nên khám và cách chuẩn bị."
https://mathanoibacninh.com/kien-thuc/sung-ne-quanh-mat-va-sot/,200,Vùng quanh mắt sưng nóng đỏ và người bị sốt. Bệnh viện Mắt Hà Nội – Bắc Ninh giải thích khi nào nên khám và cách chuẩn bị.
https://mathanoibacninh.com/kien-thuc/sup-mi-mot-ben-moi-xuat-hien/,200,Bài viết về Sụp mi một bên mới xuất hiện: nguyên nhân và khi nào cần cấp cứu. Xem dấu hiệu cần chú ý và thời điểm nên khám tại Bệnh viện Mắt Hà Nội – Bắc Ninh.
https://mathanoibacninh.com/kien-thuc/sup-mi-nang-dan-ve-cuoi-ngay/,200,Bài viết về Sụp mi nặng dần về cuối ngày: vì sao và khi nào khám. Xem dấu hiệu cần chú ý và thời điểm nên khám tại Bệnh viện Mắt Hà Nội – Bắc Ninh.
https://mathanoibacninh.com/kien-thuc/sup-mi-o-tre-nho/,200,"Một mí mắt con thấp hơn hẳn, chưa rõ có cần can thiệp sớm. Bệnh viện Mắt Hà Nội – Bắc Ninh giải thích khi nào nên khám và cách chuẩn bị."
https://mathanoibacninh.com/kien-thuc/tac-mach-mau-vong-mac/,200,"Mắt đột nhiên mất thị lực mà hoàn toàn không đau, không đỏ. Bệnh viện Mắt Hà Nội – Bắc Ninh giải thích khi nào nên khám và cách chuẩn bị."
https://mathanoibacninh.com/kien-thuc/tang-huyet-ap-va-vong-mac/,200,Bài viết về Tăng huyết áp và võng mạc: khi mạch máu mắt bị tổn thương. Xem dấu hiệu cần chú ý và thời điểm nên khám tại Bệnh viện Mắt Hà Nội – Bắc Ninh.
https://mathanoibacninh.com/kien-thuc/tat-khuc-xa-nguoi-lon/,200,"Cận thị, viễn thị, loạn thị, lệch độ và cách hiểu kết quả khúc xạ."
https://mathanoibacninh.com/kien-thuc/tat-khuc-xa-nguoi-lon/page/2/,200,"Cận thị, viễn thị, loạn thị, lệch độ và cách hiểu kết quả khúc xạ."
https://mathanoibacninh.com/kien-thuc/thi-truong-mat-thu-hep-dan/,200,Nghe nói glôcôm làm hẹp tầm nhìn mà bản thân không thấy khác gì. Bệnh viện Mắt Hà Nội – Bắc Ninh giải thích khi nào nên khám và cách chuẩn bị.
https://mathanoibacninh.com/kien-thuc/tho-lam-toc-lam-mong-bao-ve-mat/,200,"Thuốc nhuộm, dung dịch tẩy, keo và bụi khi mài móng có thể tiếp xúc mắt theo cách khác nhau. Cách bảo vệ cần dựa vào sản phẩm đang dùng và thao tác thực tế."
https://mathanoibacninh.com/kien-thuc/tho-may-lap-linh-kien-nho-moi-mat/,200,"Luồn chỉ qua kim, căn đường may, kiểm lỗi trên vải hoặc đặt một linh kiện nhỏ đòi hỏi mắt nhận chi tiết rất gần trong nhiều giờ. Người làm việc thường cúi."
https://mathanoibacninh.com/kien-thuc/thoai-hoa-diem-vang-tuoi-gia/,200,"Nhìn đường thẳng thấy méo, vùng giữa mờ mà xung quanh vẫn rõ. Bệnh viện Mắt Hà Nội – Bắc Ninh giải thích khi nào nên khám và cách chuẩn bị."
https://mathanoibacninh.com/kien-thuc/thoai-hoa-hoang-diem-dang-kho/,200,Bài viết về Thoái hoá hoàng điểm dạng khô: tiến triển từ từ. Xem dấu hiệu cần chú ý và thời điểm nên khám tại Bệnh viện Mắt Hà Nội – Bắc Ninh.
https://mathanoibacninh.com/kien-thuc/thoai-hoa-hoang-diem-dang-uot/,200,Bài viết về Thoái hoá hoàng điểm thể ướt: tiến triển nhanh. Xem dấu hiệu cần chú ý và thời điểm nên khám tại Bệnh viện Mắt Hà Nội – Bắc Ninh.
https://mathanoibacninh.com/kien-thuc/thoi-gian-ngoai-troi-va-can-thi-tre/,200,"Nghe nói cho con ra ngoài chơi giúp mắt, không biết bao nhiêu là đủ. Bệnh viện Mắt Hà Nội – Bắc Ninh giải thích khi nào nên khám và cách chuẩn bị."
https://mathanoibacninh.com/kien-thuc/thuoc-nho-mat-ha-nhan-ap-dung-dung/,200,"Thấy mắt vẫn nhìn bình thường nên định bỏ thuốc, không rõ hậu quả. Bệnh viện Mắt Hà Nội – Bắc Ninh giải thích khi nào nên khám và cách chuẩn bị."
https://mathanoibacninh.com/kien-thuc/thuy-tinh-the-nhan-tao-chon-loai-nao/,200,Bác sĩ hỏi chọn loại nào mà không biết căn cứ vào đâu để quyết định. Bệnh viện Mắt Hà Nội – Bắc Ninh giải thích khi nào nên khám và cách chuẩn bị.
https://mathanoibacninh.com/kien-thuc/tre-bi-loan-thi-khi-nao-can-deo-kinh/,200,"Nhiều cha mẹ nghe máy đo mắt báo con “có độ loạn” rồi lo rằng phải làm kính ngay, hoặc ngược lại đợi đến khi trẻ than mờ mới đưa đi khám. Cả hai cách đều."
https://mathanoibacninh.com/kien-thuc/tre-cham-phan-ung-anh-sang/,200,"Con mấy tháng tuổi mà chưa nhìn theo đồ vật, không biết có bất thường. Bệnh viện Mắt Hà Nội – Bắc Ninh giải thích khi nào nên khám và cách chuẩn bị."
https://mathanoibacninh.com/kien-thuc/tre-deo-kinh-co-bi-phu-thuoc-khong/,200,Sợ cho con đeo kính sớm thì mắt yếu đi và lệ thuộc vào kính. Bệnh viện Mắt Hà Nội – Bắc Ninh giải thích khi nào nên khám và cách chuẩn bị.
https://mathanoibacninh.com/kien-thuc/tre-hoc-online-nhieu-anh-huong-mat/,200,"Con học và làm bài trên máy nhiều giờ mỗi ngày, lo hại mắt. Bệnh viện Mắt Hà Nội – Bắc Ninh giải thích khi nào nên khám và cách chuẩn bị."
https://mathanoibacninh.com/kien-thuc/tre-may-tuoi-thi-do-mat-duoc/,200,"Con còn nhỏ chưa biết đọc chữ, không biết đo mắt bằng cách nào. Bệnh viện Mắt Hà Nội – Bắc Ninh giải thích khi nào nên khám và cách chuẩn bị."
https://mathanoibacninh.com/kien-thuc/tre-nham-mot-mat-khi-ra-nang/,200,"Đang đi ngoài trời, trẻ bỗng nheo hoặc nhắm một mắt, trong nhà lại mở cả hai mắt bình thường. Nhiều gia đình nghĩ chỉ vì nắng gắt, số khác lo ngay rằng."
https://mathanoibacninh.com/kien-thuc/tre-nhin-mo-sau-hoc-gan-can-thi-hay-dieu-tiet/,200,"Một trẻ vừa học, đọc hoặc dùng màn hình nhiều giờ rồi kêu nhìn bảng mờ không nhất thiết đã tăng độ cận. Mắt phải điều tiết để nhìn gần; sau một đợt làm."
https://mathanoibacninh.com/kien-thuc/tre-so-sinh-mat-lac-nhe/,200,"Con vài tháng tuổi thỉnh thoảng mắt lệch, không rõ có cần khám. Bệnh viện Mắt Hà Nội – Bắc Ninh giải thích khi nào nên khám và cách chuẩn bị."
https://mathanoibacninh.com/kien-thuc/tren-40-tuoi-co-mo-can-duoc-khong/,200,"Tuổi trên 40 không tự quyết định khả năng mổ cận. Cần phân biệt cận thị với lão thị, mục tiêu nhìn xa/gần và các yếu tố mắt khác."
https://mathanoibacninh.com/kien-thuc/truc-camera-nhieu-man-hinh-moi-mat/,200,"Nhân viên an ninh hoặc điều phối có thể nhìn hàng chục khung hình nhỏ suốt ca, liên tục chuyển mắt giữa màn hình gần, màn hình tường và điện thoại. Khác."
https://mathanoibacninh.com/kien-thuc/truoc-khi-kham-mat-co-can-nhin-an/,200,"Đi khám một mình bằng xe máy, lo nhỏ thuốc giãn đồng tử rồi không về được. Bệnh viện Mắt Hà Nội – Bắc Ninh giải thích khi nào nên khám và cách chuẩn bị."
https://mathanoibacninh.com/kien-thuc/tuyen-meibomius-kho-mat-bay-hoi/,200,"Trả lời nhanh. Trong mí mắt có các tuyến Meibomius tiết lớp dầu mỏng lên bề mặt nước mắt, giúp nước mắt bốc hơi chậm hơn. Khi tuyến bị tắc hoặc chất dầu."
https://mathanoibacninh.com/kien-thuc/vi-tri-man-hinh-va-goc-nhin/,200,Khoảng cách và độ cao màn hình ảnh hưởng cả tư thế cổ lẫn mức dễ chịu của mắt. Không có một con số phù hợp tuyệt đối cho mọi kích thước màn hình; điểm quan trọng là đọc rõ mà không phải rướn cổ hoặc cúi sát.
https://mathanoibacninh.com/kien-thuc/viem-bo-mi-mat/,200,"Mí mắt đỏ và ngứa quanh năm, chữa hết rồi lại bị. Bệnh viện Mắt Hà Nội – Bắc Ninh giải thích khi nào nên khám và cách chuẩn bị."
https://mathanoibacninh.com/kien-thuc/viem-ket-mac-di-ung-theo-mua/,200,Bài viết về Viêm kết mạc dị ứng theo mùa: nhận biết và xử lý. Xem dấu hiệu cần chú ý và thời điểm nên khám tại Bệnh viện Mắt Hà Nội – Bắc Ninh.
https://mathanoibacninh.com/kien-thuc/viem-mang-bo-dao-la-gi/,200,"Bài viết về Viêm màng bồ đào: mắt đỏ, đau, sợ ánh sáng kéo dài. Xem dấu hiệu cần chú ý và thời điểm nên khám tại Bệnh viện Mắt Hà Nội – Bắc Ninh."
https://mathanoibacninh.com/kien-thuc/vien-thi-o-nguoi-truong-thanh/,200,"Đọc sách gần thì mỏi và nhức đầu, nhìn xa vẫn rõ, không hiểu vì sao. Bệnh viện Mắt Hà Nội – Bắc Ninh giải thích khi nào nên khám và cách chuẩn bị."
https://mathanoibacninh.com/kien-thuc/vien-thi-o-tre-khi-nao-can-kinh/,200,Một số cha mẹ ngạc nhiên khi con nhỏ được đo thấy viễn thị nhưng bác sĩ chưa kê kính. Một số khác lo khi con nhìn được biển chữ xa mà vẫn được khuyên đeo.
https://mathanoibacninh.com/kien-thuc/vong-mac-tieu-duong-cac-giai-doan/,200,"Kết quả khám ghi có tổn thương võng mạc, không hiểu mức độ nào. Bệnh viện Mắt Hà Nội – Bắc Ninh giải thích khi nào nên khám và cách chuẩn bị."
https://mathanoibacninh.com/kien-thuc/xuat-huyet-dich-kinh/,200,Bài viết về Xuất huyết dịch kính: khi máu chảy vào buồng dịch kính. Xem dấu hiệu cần chú ý và thời điểm nên khám tại Bệnh viện Mắt Hà Nội – Bắc Ninh.
https://mathanoibacninh.com/laser-quang-dong-vong-mac-7-chi-dinh-quy-trinh-va-hieu-qua-dieu-tri-hien-nay/,404,
https://mathanoibacninh.com/lien-he/,200,"Bệnh viện mắt Bắc Ninh tại Lô 4, đường Hùng Vương, Phường Bắc Giang, Thành phố Bắc Ninh. Xem giờ khám 07:30 – 18:00, bản đồ, dịch vụ nhãn khoa và gọi 0868 899 396 để được hướng dẫn trước khi đến."
https://mathanoibacninh.com/tin-tuc/,200,
https://mathanoibacninh.com/trang-dang-ky/,200,
https://mathanoibacninh.com/trong-kinh-essilor-stellest-1-giai-phap-kiem-soat-tien-trien-can-thi-o-tre-em/,404,
https://mathanoibacninh.com/tuyen-dung/,200,
https://mathanoibacninh.com/ve-chung-toi/,200,
