ID,post_type,post_name,post_date,post_date_gmt,post_modified,post_modified_gmt,url
1575,post,kinh-moi-dung-don-nhung-deo-kho-chiu,"2026-10-02 11:34:02","2026-10-02 04:34:02","2026-10-02 11:37:47","2026-10-02 04:37:47",https://mathanoibacninh.com/kien-thuc/kinh-moi-dung-don-nhung-deo-kho-chiu/
1574,post,hai-dong-tu-khac-kich-thuoc-moi-xuat-hien,"2026-10-02 11:34:01","2026-10-02 04:34:01","2026-10-02 11:37:46","2026-10-02 04:37:46",https://mathanoibacninh.com/kien-thuc/hai-dong-tu-khac-kich-thuoc-moi-xuat-hien/
1573,post,deo-kinh-ap-trong-mat-do-dau-so-sang,"2026-10-02 11:34:00","2026-10-02 04:34:00","2026-10-02 11:37:46","2026-10-02 04:37:46",https://mathanoibacninh.com/kien-thuc/deo-kinh-ap-trong-mat-do-dau-so-sang/
1572,post,cua-cha-nham-go-bao-ve-mat,"2026-10-02 11:33:59","2026-10-02 04:33:59","2026-10-02 11:37:45","2026-10-02 04:37:45",https://mathanoibacninh.com/kien-thuc/cua-cha-nham-go-bao-ve-mat/
1571,post,tho-may-lap-linh-kien-nho-moi-mat,"2026-10-02 11:33:58","2026-10-02 04:33:58","2026-10-02 11:37:44","2026-10-02 04:37:44",https://mathanoibacninh.com/kien-thuc/tho-may-lap-linh-kien-nho-moi-mat/
1570,post,truc-camera-nhieu-man-hinh-moi-mat,"2026-10-02 11:33:57","2026-10-02 04:33:57","2026-10-02 11:37:43","2026-10-02 04:37:43",https://mathanoibacninh.com/kien-thuc/truc-camera-nhieu-man-hinh-moi-mat/
1568,post,dau-nong-ban-vao-mat-so-cuu,"2026-10-02 11:33:56","2026-10-02 04:33:56","2026-10-02 11:37:42","2026-10-02 04:37:42",https://mathanoibacninh.com/kien-thuc/dau-nong-ban-vao-mat-so-cuu/
1569,post,la-lua-canh-cay-quet-vao-mat,"2026-10-02 11:33:56","2026-10-02 04:33:56","2026-10-02 11:37:42","2026-10-02 04:37:42",https://mathanoibacninh.com/kien-thuc/la-lua-canh-cay-quet-vao-mat/
1567,post,mo-lai-sau-mo-duc-thuy-tinh-the,"2026-10-02 11:33:55","2026-10-02 04:33:55","2026-10-02 11:37:41","2026-10-02 04:37:41",https://mathanoibacninh.com/kien-thuc/mo-lai-sau-mo-duc-thuy-tinh-the/
1566,post,phu-hoang-diem-do-dai-thao-duong,"2026-10-02 11:33:54","2026-10-02 04:33:54","2026-10-02 11:37:40","2026-10-02 04:37:40",https://mathanoibacninh.com/kien-thuc/phu-hoang-diem-do-dai-thao-duong/
1565,post,oct-than-kinh-thi-giac-co-thay-kham-mat,"2026-10-02 11:33:53","2026-10-02 04:33:53","2026-10-02 11:37:39","2026-10-02 04:37:39",https://mathanoibacninh.com/kien-thuc/oct-than-kinh-thi-giac-co-thay-kham-mat/
1564,post,do-thi-truong-chuan-bi-va-lam-lai,"2026-10-02 11:33:52","2026-10-02 04:33:52","2026-10-02 11:37:38","2026-10-02 04:37:38",https://mathanoibacninh.com/kien-thuc/do-thi-truong-chuan-bi-va-lam-lai/
1563,post,glocom-nhan-ap-binh-thuong,"2026-10-02 11:33:51","2026-10-02 04:33:51","2026-10-02 11:37:37","2026-10-02 04:37:37",https://mathanoibacninh.com/kien-thuc/glocom-nhan-ap-binh-thuong/
1561,post,choi-quang-sang-sau-mo-can,"2026-10-02 11:33:50","2026-10-02 04:33:50","2026-10-02 11:37:36","2026-10-02 04:37:36",https://mathanoibacninh.com/kien-thuc/choi-quang-sang-sau-mo-can/
1562,post,loan-thi-khong-deu-kinh-dung-van-mo,"2026-10-02 11:33:50","2026-10-02 04:33:50","2026-10-02 11:37:37","2026-10-02 04:37:37",https://mathanoibacninh.com/kien-thuc/loan-thi-khong-deu-kinh-dung-van-mo/
1560,post,kho-mat-sau-mo-can-khi-nao-tai-kham,"2026-10-02 11:33:49","2026-10-02 04:33:49","2026-10-02 11:37:35","2026-10-02 04:37:35",https://mathanoibacninh.com/kien-thuc/kho-mat-sau-mo-can-khi-nao-tai-kham/
1559,post,kinh-da-trong-sau-tuoi-40,"2026-10-02 11:33:48","2026-10-02 04:33:48","2026-10-02 11:37:34","2026-10-02 04:37:34",https://mathanoibacninh.com/kien-thuc/kinh-da-trong-sau-tuoi-40/
1558,post,do-chieu-dai-truc-nhan-cau-o-tre-can-thi,"2026-10-02 11:33:47","2026-10-02 04:33:47","2026-10-02 11:37:33","2026-10-02 04:37:33",https://mathanoibacninh.com/kien-thuc/do-chieu-dai-truc-nhan-cau-o-tre-can-thi/
1557,post,tre-nham-mot-mat-khi-ra-nang,"2026-10-02 11:33:46","2026-10-02 04:33:46","2026-10-02 11:37:33","2026-10-02 04:37:33",https://mathanoibacninh.com/kien-thuc/tre-nham-mot-mat-khi-ra-nang/
1556,post,vien-thi-o-tre-khi-nao-can-kinh,"2026-10-02 11:33:45","2026-10-02 04:33:45","2026-10-02 11:37:32","2026-10-02 04:37:32",https://mathanoibacninh.com/kien-thuc/vien-thi-o-tre-khi-nao-can-kinh/
1555,post,tre-bi-loan-thi-khi-nao-can-deo-kinh,"2026-10-02 11:33:44","2026-10-02 04:33:44","2026-10-02 11:37:31","2026-10-02 04:37:31",https://mathanoibacninh.com/kien-thuc/tre-bi-loan-thi-khi-nao-can-deo-kinh/
1554,post,tre-nhin-mo-sau-hoc-gan-can-thi-hay-dieu-tiet,"2026-10-02 11:33:43","2026-10-02 04:33:43","2026-10-02 11:37:30","2026-10-02 04:37:30",https://mathanoibacninh.com/kien-thuc/tre-nhin-mo-sau-hoc-gan-can-thi-hay-dieu-tiet/
1552,post,tuyen-meibomius-kho-mat-bay-hoi,"2026-10-02 11:33:42","2026-10-02 04:33:42","2026-10-02 11:37:28","2026-10-02 04:37:28",https://mathanoibacninh.com/kien-thuc/tuyen-meibomius-kho-mat-bay-hoi/
1553,post,mong-mo-va-mong-thit-khac-nhau,"2026-10-02 11:33:42","2026-10-02 04:33:42","2026-10-02 11:37:29","2026-10-02 04:37:29",https://mathanoibacninh.com/kien-thuc/mong-mo-va-mong-thit-khac-nhau/
1551,post,giac-mac-hinh-chop-loan-thi-tang,"2026-10-02 11:33:41","2026-10-02 04:33:41","2026-10-02 11:37:28","2026-10-02 04:37:28",https://mathanoibacninh.com/kien-thuc/giac-mac-hinh-chop-loan-thi-tang/
1550,post,dau-mat-buoi-sang-trot-bieu-mo-tai-phat,"2026-10-02 11:33:40","2026-10-02 04:33:40","2026-10-02 11:37:27","2026-10-02 04:37:27",https://mathanoibacninh.com/kien-thuc/dau-mat-buoi-sang-trot-bieu-mo-tai-phat/
1488,post,giao-hang-lai-xe-bao-ve-mat,"2026-10-01 15:49:58","2026-10-01 08:49:58","2026-10-01 16:02:18","2026-10-01 09:02:18",https://mathanoibacninh.com/kien-thuc/giao-hang-lai-xe-bao-ve-mat/
1486,post,lam-viec-trong-kho-lanh-mat-cay,"2026-10-01 15:49:57","2026-10-01 08:49:57","2026-10-01 16:02:17","2026-10-01 09:02:17",https://mathanoibacninh.com/kien-thuc/lam-viec-trong-kho-lanh-mat-cay/
1487,post,tho-lam-toc-lam-mong-bao-ve-mat,"2026-10-01 15:49:57","2026-10-01 08:49:57","2026-10-01 16:02:18","2026-10-01 09:02:18",https://mathanoibacninh.com/kien-thuc/tho-lam-toc-lam-mong-bao-ve-mat/
1485,post,kinh-bao-ho-bi-mo-hoac-tray,"2026-10-01 15:49:56","2026-10-01 08:49:56","2026-10-01 16:02:16","2026-10-01 09:02:16",https://mathanoibacninh.com/kien-thuc/kinh-bao-ho-bi-mo-hoac-tray/
1484,post,nhan-vien-y-te-kinh-bao-ve-mat-giot-ban,"2026-10-01 15:49:55","2026-10-01 08:49:55","2026-10-01 16:02:15","2026-10-01 09:02:15",https://mathanoibacninh.com/kien-thuc/nhan-vien-y-te-kinh-bao-ve-mat-giot-ban/
1483,post,lam-viec-ngoai-troi-bao-ve-mat-tia-uv,"2026-10-01 15:49:54","2026-10-01 08:49:54","2026-10-01 16:02:14","2026-10-01 09:02:14",https://mathanoibacninh.com/kien-thuc/lam-viec-ngoai-troi-bao-ve-mat-tia-uv/
1481,post,bui-xi-mang-vao-mat-cong-truong,"2026-10-01 15:49:53","2026-10-01 08:49:53","2026-10-01 16:02:13","2026-10-01 09:02:13",https://mathanoibacninh.com/kien-thuc/bui-xi-mang-vao-mat-cong-truong/
1482,post,phun-thuoc-bao-ve-thuc-vat-bao-ve-mat,"2026-10-01 15:49:53","2026-10-01 08:49:53","2026-10-01 16:02:14","2026-10-01 09:02:14",https://mathanoibacninh.com/kien-thuc/phun-thuoc-bao-ve-thuc-vat-bao-ve-mat/
1480,post,nuoc-tay-rua-ban-vao-mat-khi-lam-viec,"2026-10-01 15:49:52","2026-10-01 08:49:52","2026-10-01 16:02:12","2026-10-01 09:02:12",https://mathanoibacninh.com/kien-thuc/nuoc-tay-rua-ban-vao-mat-khi-lam-viec/
1479,post,mai-khoan-kim-loai-bao-ve-mat,"2026-10-01 15:49:51","2026-10-01 08:49:51","2026-10-01 16:02:11","2026-10-01 09:02:11",https://mathanoibacninh.com/kien-thuc/mai-khoan-kim-loai-bao-ve-mat/
1478,post,kinh-can-co-thay-kinh-bao-ho-duoc-khong,"2026-10-01 15:49:50","2026-10-01 08:49:50","2026-10-01 16:02:10","2026-10-01 09:02:10",https://mathanoibacninh.com/kien-thuc/kinh-can-co-thay-kinh-bao-ho-duoc-khong/
1477,post,kinh-ap-trong-khi-lam-viec-nhieu-bui,"2026-10-01 15:49:49","2026-10-01 08:49:49","2026-10-01 16:02:10","2026-10-01 09:02:10",https://mathanoibacninh.com/kien-thuc/kinh-ap-trong-khi-lam-viec-nhieu-bui/
1475,post,vi-tri-man-hinh-va-goc-nhin,"2026-10-01 15:49:48","2026-10-01 08:49:48","2026-10-01 16:02:08","2026-10-01 09:02:08",https://mathanoibacninh.com/kien-thuc/vi-tri-man-hinh-va-goc-nhin/
1476,post,kho-mat-trong-phong-dieu-hoa,"2026-10-01 15:49:48","2026-10-01 08:49:48","2026-10-01 16:02:09","2026-10-01 09:02:09",https://mathanoibacninh.com/kien-thuc/kho-mat-trong-phong-dieu-hoa/
1474,post,man-hinh-bi-loa-khi-lam-viec,"2026-10-01 15:49:47","2026-10-01 08:49:47","2026-10-02 15:51:03","2026-10-02 08:51:03",https://mathanoibacninh.com/kien-thuc/man-hinh-bi-loa-khi-lam-viec/
1452,post,kham-truoc-mo-can-gom-nhung-gi,"2026-10-01 09:13:00","2026-10-01 02:13:00","2026-10-02 15:51:12","2026-10-02 08:51:12",https://mathanoibacninh.com/kien-thuc/kham-truoc-mo-can-gom-nhung-gi/
1451,post,tren-40-tuoi-co-mo-can-duoc-khong,"2026-10-01 09:12:59","2026-10-01 02:12:59","2026-10-01 09:12:59","2026-10-01 02:12:59",https://mathanoibacninh.com/kien-thuc/tren-40-tuoi-co-mo-can-duoc-khong/
1449,post,chi-phi-mo-can-gom-nhung-gi,"2026-10-01 09:12:58","2026-10-01 02:12:58","2026-10-01 09:12:58","2026-10-01 02:12:58",https://mathanoibacninh.com/kien-thuc/chi-phi-mo-can-gom-nhung-gi/
1450,post,cac-phuong-phap-mo-can,"2026-10-01 09:12:58","2026-10-01 02:12:58","2026-10-02 15:51:11","2026-10-02 08:51:11",https://mathanoibacninh.com/kien-thuc/cac-phuong-phap-mo-can/
1448,post,can-bao-nhieu-do-thi-mo-duoc,"2026-10-01 09:12:57","2026-10-01 02:12:57","2026-10-01 09:12:57","2026-10-01 02:12:57",https://mathanoibacninh.com/kien-thuc/can-bao-nhieu-do-thi-mo-duoc/
1447,post,do-mat-cat-kinh-tai-benh-vien,"2026-10-01 09:12:56","2026-10-01 02:12:56","2026-10-01 09:12:56","2026-10-01 02:12:56",https://mathanoibacninh.com/kien-thuc/do-mat-cat-kinh-tai-benh-vien/
1446,post,can-075-do-co-can-deo-kinh,"2026-10-01 09:12:55","2026-10-01 02:12:55","2026-10-01 09:12:55","2026-10-01 02:12:55",https://mathanoibacninh.com/kien-thuc/can-075-do-co-can-deo-kinh/
1444,post,do-mat-lam-kinh-va-kham-mat-khac-nhau,"2026-10-01 09:12:54","2026-10-01 02:12:54","2026-10-01 09:12:54","2026-10-01 02:12:54",https://mathanoibacninh.com/kien-thuc/do-mat-lam-kinh-va-kham-mat-khac-nhau/
1445,post,kham-can-thi-cho-tre-o-bac-ninh,"2026-10-01 09:12:54","2026-10-01 02:12:54","2026-10-01 09:12:54","2026-10-01 02:12:54",https://mathanoibacninh.com/kien-thuc/kham-can-thi-cho-tre-o-bac-ninh/
1443,post,kham-can-thi-bao-nhieu-tien,"2026-10-01 09:12:53","2026-10-01 02:12:53","2026-10-01 09:12:53","2026-10-01 02:12:53",https://mathanoibacninh.com/kien-thuc/kham-can-thi-bao-nhieu-tien/
1442,post,chon-noi-kham-mat-o-bac-ninh,"2026-10-01 09:12:52","2026-10-01 02:12:52","2026-10-01 09:12:52","2026-10-01 02:12:52",https://mathanoibacninh.com/kien-thuc/chon-noi-kham-mat-o-bac-ninh/
1441,post,bhyt-kham-mat-tai-benh-vien-mat-ha-noi-bac-ninh,"2026-10-01 09:12:51","2026-10-01 02:12:51","2026-10-01 09:12:51","2026-10-01 02:12:51",https://mathanoibacninh.com/kien-thuc/bhyt-kham-mat-tai-benh-vien-mat-ha-noi-bac-ninh/
1341,page,xa-tuan-dao,"2026-09-24 22:13:38","2026-09-24 15:13:38","2026-09-24 22:13:38","2026-09-24 15:13:38",https://mathanoibacninh.com/khu-vuc/kham-mat-bac-giang/xa-tuan-dao/
1339,page,phuong-tan-tien,"2026-09-24 22:13:37","2026-09-24 15:13:37","2026-09-24 22:13:37","2026-09-24 15:13:37",https://mathanoibacninh.com/khu-vuc/kham-mat-bac-giang/phuong-tan-tien/
1340,page,phuong-canh-thuy,"2026-09-24 22:13:37","2026-09-24 15:13:37","2026-09-24 22:13:37","2026-09-24 15:13:37",https://mathanoibacninh.com/khu-vuc/kham-mat-bac-giang/phuong-canh-thuy/
1338,page,phuong-yen-dung,"2026-09-24 22:13:36","2026-09-24 15:13:36","2026-09-24 22:13:36","2026-09-24 15:13:36",https://mathanoibacninh.com/khu-vuc/kham-mat-bac-giang/phuong-yen-dung/
1337,page,phuong-tan-an,"2026-09-24 22:13:35","2026-09-24 15:13:35","2026-09-24 22:13:35","2026-09-24 15:13:35",https://mathanoibacninh.com/khu-vuc/kham-mat-bac-giang/phuong-tan-an/
1336,page,phuong-tien-phong,"2026-09-24 22:13:34","2026-09-24 15:13:34","2026-09-24 22:13:34","2026-09-24 15:13:34",https://mathanoibacninh.com/khu-vuc/kham-mat-bac-giang/phuong-tien-phong/
1335,page,phuong-da-mai,"2026-09-24 22:13:33","2026-09-24 15:13:33","2026-09-24 22:13:33","2026-09-24 15:13:33",https://mathanoibacninh.com/khu-vuc/kham-mat-bac-giang/phuong-da-mai/
1333,page,phuong-van-ha,"2026-09-24 22:13:32","2026-09-24 15:13:32","2026-09-24 22:13:32","2026-09-24 15:13:32",https://mathanoibacninh.com/khu-vuc/kham-mat-bac-giang/phuong-van-ha/
1334,page,phuong-bac-giang,"2026-09-24 22:13:32","2026-09-24 15:13:32","2026-09-24 22:13:32","2026-09-24 15:13:32",https://mathanoibacninh.com/khu-vuc/kham-mat-bac-giang/phuong-bac-giang/
1332,page,phuong-nenh,"2026-09-24 22:13:31","2026-09-24 15:13:31","2026-09-24 22:13:31","2026-09-24 15:13:31",https://mathanoibacninh.com/khu-vuc/kham-mat-bac-giang/phuong-nenh/
1331,page,phuong-viet-yen,"2026-09-24 22:13:30","2026-09-24 15:13:30","2026-09-24 22:13:30","2026-09-24 15:13:30",https://mathanoibacninh.com/khu-vuc/kham-mat-bac-giang/phuong-viet-yen/
1330,page,phuong-tu-lan,"2026-09-24 22:13:29","2026-09-24 15:13:29","2026-09-24 22:13:29","2026-09-24 15:13:29",https://mathanoibacninh.com/khu-vuc/kham-mat-bac-giang/phuong-tu-lan/
1329,page,phuong-phuong-son,"2026-09-24 22:13:28","2026-09-24 15:13:28","2026-09-24 22:13:28","2026-09-24 15:13:28",https://mathanoibacninh.com/khu-vuc/kham-mat-bac-giang/phuong-phuong-son/
1327,page,phuong-bong-lai,"2026-09-24 22:13:27","2026-09-24 15:13:27","2026-09-24 22:13:27","2026-09-24 15:13:27",https://mathanoibacninh.com/khu-vuc/kham-mat-bac-ninh/phuong-bong-lai/
1328,page,phuong-chu,"2026-09-24 22:13:27","2026-09-24 15:13:27","2026-09-24 22:13:27","2026-09-24 15:13:27",https://mathanoibacninh.com/khu-vuc/kham-mat-bac-giang/phuong-chu/
1326,page,phuong-dao-vien,"2026-09-24 22:13:26","2026-09-24 15:13:26","2026-09-24 22:13:26","2026-09-24 15:13:26",https://mathanoibacninh.com/khu-vuc/kham-mat-bac-ninh/phuong-dao-vien/
1325,page,phuong-nhan-hoa,"2026-09-24 22:13:25","2026-09-24 15:13:25","2026-09-24 22:13:25","2026-09-24 15:13:25",https://mathanoibacninh.com/khu-vuc/kham-mat-bac-ninh/phuong-nhan-hoa/
1324,page,phuong-phuong-lieu,"2026-09-24 22:13:24","2026-09-24 15:13:24","2026-09-24 22:13:24","2026-09-24 15:13:24",https://mathanoibacninh.com/khu-vuc/kham-mat-bac-ninh/phuong-phuong-lieu/
1323,page,phuong-que-vo,"2026-09-24 22:13:23","2026-09-24 15:13:23","2026-09-24 22:13:23","2026-09-24 15:13:23",https://mathanoibacninh.com/khu-vuc/kham-mat-bac-ninh/phuong-que-vo/
1321,page,phuong-song-lieu,"2026-09-24 22:13:22","2026-09-24 15:13:22","2026-09-24 22:13:22","2026-09-24 15:13:22",https://mathanoibacninh.com/khu-vuc/kham-mat-bac-ninh/phuong-song-lieu/
1322,page,phuong-ninh-xa,"2026-09-24 22:13:22","2026-09-24 15:13:22","2026-09-24 22:13:22","2026-09-24 15:13:22",https://mathanoibacninh.com/khu-vuc/kham-mat-bac-ninh/phuong-ninh-xa/
1320,page,phuong-tri-qua,"2026-09-24 22:13:21","2026-09-24 15:13:21","2026-09-24 22:13:21","2026-09-24 15:13:21",https://mathanoibacninh.com/khu-vuc/kham-mat-bac-ninh/phuong-tri-qua/
1319,page,phuong-tram-lo,"2026-09-24 22:13:20","2026-09-24 15:13:20","2026-09-24 22:13:20","2026-09-24 15:13:20",https://mathanoibacninh.com/khu-vuc/kham-mat-bac-ninh/phuong-tram-lo/
1318,page,phuong-mao-dien,"2026-09-24 22:13:19","2026-09-24 15:13:19","2026-09-24 22:13:19","2026-09-24 15:13:19",https://mathanoibacninh.com/khu-vuc/kham-mat-bac-ninh/phuong-mao-dien/
1317,page,phuong-thuan-thanh,"2026-09-24 22:13:18","2026-09-24 15:13:18","2026-09-24 22:13:18","2026-09-24 15:13:18",https://mathanoibacninh.com/khu-vuc/kham-mat-bac-ninh/phuong-thuan-thanh/
1316,page,phuong-phu-khe,"2026-09-24 22:13:17","2026-09-24 15:13:17","2026-09-24 22:13:17","2026-09-24 15:13:17",https://mathanoibacninh.com/khu-vuc/kham-mat-bac-ninh/phuong-phu-khe/
1315,page,phuong-dong-nguyen,"2026-09-24 22:13:16","2026-09-24 15:13:16","2026-09-24 22:13:16","2026-09-24 15:13:16",https://mathanoibacninh.com/khu-vuc/kham-mat-bac-ninh/phuong-dong-nguyen/
1313,page,phuong-tu-son,"2026-09-24 22:13:15","2026-09-24 15:13:15","2026-09-24 22:13:15","2026-09-24 15:13:15",https://mathanoibacninh.com/khu-vuc/kham-mat-bac-ninh/phuong-tu-son/
1314,page,phuong-tam-son,"2026-09-24 22:13:15","2026-09-24 15:13:15","2026-09-24 22:13:15","2026-09-24 15:13:15",https://mathanoibacninh.com/khu-vuc/kham-mat-bac-ninh/phuong-tam-son/
1312,page,phuong-nam-son,"2026-09-24 22:13:14","2026-09-24 15:13:14","2026-09-24 22:13:14","2026-09-24 15:13:14",https://mathanoibacninh.com/khu-vuc/kham-mat-bac-ninh/phuong-nam-son/
1311,page,phuong-hap-linh,"2026-09-24 22:13:13","2026-09-24 15:13:13","2026-09-24 22:13:13","2026-09-24 15:13:13",https://mathanoibacninh.com/khu-vuc/kham-mat-bac-ninh/phuong-hap-linh/
1310,page,phuong-vu-ninh,"2026-09-24 22:13:12","2026-09-24 15:13:12","2026-09-24 22:13:12","2026-09-24 15:13:12",https://mathanoibacninh.com/khu-vuc/kham-mat-bac-ninh/phuong-vu-ninh/
1309,page,phuong-vo-cuong,"2026-09-24 22:13:11","2026-09-24 15:13:11","2026-09-24 22:13:11","2026-09-24 15:13:11",https://mathanoibacninh.com/khu-vuc/kham-mat-bac-ninh/phuong-vo-cuong/
1307,page,xa-xuan-cam,"2026-09-24 22:13:10","2026-09-24 15:13:10","2026-09-24 22:13:10","2026-09-24 15:13:10",https://mathanoibacninh.com/khu-vuc/kham-mat-bac-giang/xa-xuan-cam/
1308,page,phuong-kinh-bac,"2026-09-24 22:13:10","2026-09-24 15:13:10","2026-09-24 22:13:10","2026-09-24 15:13:10",https://mathanoibacninh.com/khu-vuc/kham-mat-bac-ninh/phuong-kinh-bac/
1306,page,xa-dong-viet,"2026-09-24 22:13:09","2026-09-24 15:13:09","2026-09-24 22:13:09","2026-09-24 15:13:09",https://mathanoibacninh.com/khu-vuc/kham-mat-bac-giang/xa-dong-viet/
1305,page,xa-hoang-van,"2026-09-24 22:13:08","2026-09-24 15:13:08","2026-09-24 22:13:08","2026-09-24 15:13:08",https://mathanoibacninh.com/khu-vuc/kham-mat-bac-giang/xa-hoang-van/
1304,page,xa-hiep-hoa,"2026-09-24 22:13:07","2026-09-24 15:13:07","2026-09-24 22:13:07","2026-09-24 15:13:07",https://mathanoibacninh.com/khu-vuc/kham-mat-bac-giang/xa-hiep-hoa/
1303,page,xa-hop-thinh,"2026-09-24 22:13:06","2026-09-24 15:13:06","2026-09-24 22:13:06","2026-09-24 15:13:06",https://mathanoibacninh.com/khu-vuc/kham-mat-bac-giang/xa-hop-thinh/
1302,page,xa-quang-trung,"2026-09-24 22:13:05","2026-09-24 15:13:05","2026-09-24 22:13:05","2026-09-24 15:13:05",https://mathanoibacninh.com/khu-vuc/kham-mat-bac-giang/xa-quang-trung/
1300,page,xa-nha-nam,"2026-09-24 22:13:04","2026-09-24 15:13:04","2026-09-24 22:13:04","2026-09-24 15:13:04",https://mathanoibacninh.com/khu-vuc/kham-mat-bac-giang/xa-nha-nam/
1301,page,xa-phuc-hoa,"2026-09-24 22:13:04","2026-09-24 15:13:04","2026-09-24 22:13:04","2026-09-24 15:13:04",https://mathanoibacninh.com/khu-vuc/kham-mat-bac-giang/xa-phuc-hoa/
1299,page,xa-ngoc-thien,"2026-09-24 22:13:03","2026-09-24 15:13:03","2026-09-24 22:13:03","2026-09-24 15:13:03",https://mathanoibacninh.com/khu-vuc/kham-mat-bac-giang/xa-ngoc-thien/
1298,page,xa-tan-yen,"2026-09-24 22:13:02","2026-09-24 15:13:02","2026-09-24 22:13:02","2026-09-24 15:13:02",https://mathanoibacninh.com/khu-vuc/kham-mat-bac-giang/xa-tan-yen/
1297,page,xa-tam-tien,"2026-09-24 22:13:01","2026-09-24 15:13:01","2026-09-24 22:13:01","2026-09-24 15:13:01",https://mathanoibacninh.com/khu-vuc/kham-mat-bac-giang/xa-tam-tien/
1296,page,xa-xuan-luong,"2026-09-24 22:13:00","2026-09-24 15:13:00","2026-09-24 22:13:00","2026-09-24 15:13:00",https://mathanoibacninh.com/khu-vuc/kham-mat-bac-giang/xa-xuan-luong/
1295,page,xa-dong-ky,"2026-09-24 22:12:59","2026-09-24 15:12:59","2026-09-24 22:12:59","2026-09-24 15:12:59",https://mathanoibacninh.com/khu-vuc/kham-mat-bac-giang/xa-dong-ky/
1294,page,xa-bo-ha,"2026-09-24 22:12:58","2026-09-24 15:12:58","2026-09-24 22:12:58","2026-09-24 15:12:58",https://mathanoibacninh.com/khu-vuc/kham-mat-bac-giang/xa-bo-ha/
1292,page,xa-tien-luc,"2026-09-24 22:12:57","2026-09-24 15:12:57","2026-09-24 22:12:57","2026-09-24 15:12:57",https://mathanoibacninh.com/khu-vuc/kham-mat-bac-giang/xa-tien-luc/
1293,page,xa-yen-the,"2026-09-24 22:12:57","2026-09-24 15:12:57","2026-09-24 22:12:57","2026-09-24 15:12:57",https://mathanoibacninh.com/khu-vuc/kham-mat-bac-giang/xa-yen-the/
1291,page,xa-tan-dinh,"2026-09-24 22:12:56","2026-09-24 15:12:56","2026-09-24 22:12:56","2026-09-24 15:12:56",https://mathanoibacninh.com/khu-vuc/kham-mat-bac-giang/xa-tan-dinh/
1290,page,xa-kep,"2026-09-24 22:12:55","2026-09-24 15:12:55","2026-09-24 22:12:55","2026-09-24 15:12:55",https://mathanoibacninh.com/khu-vuc/kham-mat-bac-giang/xa-kep/
1289,page,xa-my-thai,"2026-09-24 22:12:54","2026-09-24 15:12:54","2026-09-24 22:12:54","2026-09-24 15:12:54",https://mathanoibacninh.com/khu-vuc/kham-mat-bac-giang/xa-my-thai/
1288,page,xa-lang-giang,"2026-09-24 22:12:53","2026-09-24 15:12:53","2026-09-24 22:12:53","2026-09-24 15:12:53",https://mathanoibacninh.com/khu-vuc/kham-mat-bac-giang/xa-lang-giang/
1287,page,xa-bao-dai,"2026-09-24 22:12:52","2026-09-24 15:12:52","2026-09-24 22:12:52","2026-09-24 15:12:52",https://mathanoibacninh.com/khu-vuc/kham-mat-bac-giang/xa-bao-dai/
1286,page,xa-bac-lung,"2026-09-24 22:12:51","2026-09-24 15:12:51","2026-09-24 22:12:51","2026-09-24 15:12:51",https://mathanoibacninh.com/khu-vuc/kham-mat-bac-giang/xa-bac-lung/
1285,page,xa-luc-nam,"2026-09-24 22:12:50","2026-09-24 15:12:50","2026-09-24 22:12:50","2026-09-24 15:12:50",https://mathanoibacninh.com/khu-vuc/kham-mat-bac-giang/xa-luc-nam/
1283,page,xa-dong-phu,"2026-09-24 22:12:49","2026-09-24 15:12:49","2026-09-24 22:12:49","2026-09-24 15:12:49",https://mathanoibacninh.com/khu-vuc/kham-mat-bac-giang/xa-dong-phu/
1284,page,xa-nghia-phuong,"2026-09-24 22:12:49","2026-09-24 15:12:49","2026-09-24 22:12:49","2026-09-24 15:12:49",https://mathanoibacninh.com/khu-vuc/kham-mat-bac-giang/xa-nghia-phuong/
1282,page,xa-cam-ly,"2026-09-24 22:12:48","2026-09-24 15:12:48","2026-09-24 22:12:48","2026-09-24 15:12:48",https://mathanoibacninh.com/khu-vuc/kham-mat-bac-giang/xa-cam-ly/
1281,page,xa-truong-son,"2026-09-24 22:12:47","2026-09-24 15:12:47","2026-09-24 22:12:47","2026-09-24 15:12:47",https://mathanoibacninh.com/khu-vuc/kham-mat-bac-giang/xa-truong-son/
1280,page,xa-luc-son,"2026-09-24 22:12:46","2026-09-24 15:12:46","2026-09-24 22:12:46","2026-09-24 15:12:46",https://mathanoibacninh.com/khu-vuc/kham-mat-bac-giang/xa-luc-son/
1279,page,xa-kien-lao,"2026-09-24 22:12:45","2026-09-24 15:12:45","2026-09-24 22:12:45","2026-09-24 15:12:45",https://mathanoibacninh.com/khu-vuc/kham-mat-bac-giang/xa-kien-lao/
1278,page,xa-nam-duong,"2026-09-24 22:12:44","2026-09-24 15:12:44","2026-09-24 22:12:44","2026-09-24 15:12:44",https://mathanoibacninh.com/khu-vuc/kham-mat-bac-giang/xa-nam-duong/
1276,page,xa-bien-son,"2026-09-24 22:12:43","2026-09-24 15:12:43","2026-09-24 22:12:43","2026-09-24 15:12:43",https://mathanoibacninh.com/khu-vuc/kham-mat-bac-giang/xa-bien-son/
1277,page,xa-sa-ly,"2026-09-24 22:12:43","2026-09-24 15:12:43","2026-09-24 22:12:43","2026-09-24 15:12:43",https://mathanoibacninh.com/khu-vuc/kham-mat-bac-giang/xa-sa-ly/
1275,page,xa-tan-son,"2026-09-24 22:12:42","2026-09-24 15:12:42","2026-09-24 22:12:42","2026-09-24 15:12:42",https://mathanoibacninh.com/khu-vuc/kham-mat-bac-giang/xa-tan-son/
1274,page,xa-son-hai,"2026-09-24 22:12:41","2026-09-24 15:12:41","2026-09-24 22:12:41","2026-09-24 15:12:41",https://mathanoibacninh.com/khu-vuc/kham-mat-bac-giang/xa-son-hai/
1273,page,xa-deo-gia,"2026-09-24 22:12:40","2026-09-24 15:12:40","2026-09-24 22:12:40","2026-09-24 15:12:40",https://mathanoibacninh.com/khu-vuc/kham-mat-bac-giang/xa-deo-gia/
1272,page,xa-luc-ngan,"2026-09-24 22:12:39","2026-09-24 15:12:39","2026-09-24 22:12:39","2026-09-24 15:12:39",https://mathanoibacninh.com/khu-vuc/kham-mat-bac-giang/xa-luc-ngan/
1271,page,xa-bien-dong,"2026-09-24 22:12:38","2026-09-24 15:12:38","2026-09-24 22:12:38","2026-09-24 15:12:38",https://mathanoibacninh.com/khu-vuc/kham-mat-bac-giang/xa-bien-dong/
1269,page,xa-an-lac,"2026-09-24 22:12:37","2026-09-24 15:12:37","2026-09-24 22:12:37","2026-09-24 15:12:37",https://mathanoibacninh.com/khu-vuc/kham-mat-bac-giang/xa-an-lac/
1270,page,xa-van-son,"2026-09-24 22:12:37","2026-09-24 15:12:37","2026-09-24 22:12:37","2026-09-24 15:12:37",https://mathanoibacninh.com/khu-vuc/kham-mat-bac-giang/xa-van-son/
1268,page,xa-yen-dinh,"2026-09-24 22:12:36","2026-09-24 15:12:36","2026-09-24 22:12:36","2026-09-24 15:12:36",https://mathanoibacninh.com/khu-vuc/kham-mat-bac-giang/xa-yen-dinh/
1267,page,xa-duong-huu,"2026-09-24 22:12:35","2026-09-24 15:12:35","2026-09-24 22:12:35","2026-09-24 15:12:35",https://mathanoibacninh.com/khu-vuc/kham-mat-bac-giang/xa-duong-huu/
1266,page,xa-tay-yen-tu,"2026-09-24 22:12:34","2026-09-24 15:12:34","2026-09-24 22:12:34","2026-09-24 15:12:34",https://mathanoibacninh.com/khu-vuc/kham-mat-bac-giang/xa-tay-yen-tu/
1265,page,xa-son-dong,"2026-09-24 22:12:33","2026-09-24 15:12:33","2026-09-24 22:12:33","2026-09-24 15:12:33",https://mathanoibacninh.com/khu-vuc/kham-mat-bac-giang/xa-son-dong/
1263,page,xa-trung-kenh,"2026-09-24 22:12:32","2026-09-24 15:12:32","2026-09-24 22:12:32","2026-09-24 15:12:32",https://mathanoibacninh.com/khu-vuc/kham-mat-bac-ninh/xa-trung-kenh/
1264,page,xa-dai-son,"2026-09-24 22:12:32","2026-09-24 15:12:32","2026-09-24 22:12:32","2026-09-24 15:12:32",https://mathanoibacninh.com/khu-vuc/kham-mat-bac-ninh/xa-dai-son/
1262,page,xa-trung-chinh,"2026-09-24 22:12:31","2026-09-24 15:12:31","2026-09-24 22:12:31","2026-09-24 15:12:31",https://mathanoibacninh.com/khu-vuc/kham-mat-bac-ninh/xa-trung-chinh/
1261,page,xa-lam-thao,"2026-09-24 22:12:30","2026-09-24 15:12:30","2026-09-24 22:12:30","2026-09-24 15:12:30",https://mathanoibacninh.com/khu-vuc/kham-mat-bac-ninh/xa-lam-thao/
1260,page,xa-luong-tai,"2026-09-24 22:12:29","2026-09-24 15:12:29","2026-09-24 22:12:29","2026-09-24 15:12:29",https://mathanoibacninh.com/khu-vuc/kham-mat-bac-ninh/xa-luong-tai/
1259,page,xa-dong-cuu,"2026-09-24 22:12:28","2026-09-24 15:12:28","2026-09-24 22:12:28","2026-09-24 15:12:28",https://mathanoibacninh.com/khu-vuc/kham-mat-bac-ninh/xa-dong-cuu/
1257,page,xa-dai-lai,"2026-09-24 22:12:27","2026-09-24 15:12:27","2026-09-24 22:12:27","2026-09-24 15:12:27",https://mathanoibacninh.com/khu-vuc/kham-mat-bac-ninh/xa-dai-lai/
1258,page,xa-cao-duc,"2026-09-24 22:12:27","2026-09-24 15:12:27","2026-09-24 22:12:27","2026-09-24 15:12:27",https://mathanoibacninh.com/khu-vuc/kham-mat-bac-ninh/xa-cao-duc/
1256,page,xa-nhan-thang,"2026-09-24 22:12:26","2026-09-24 15:12:26","2026-09-24 22:12:26","2026-09-24 15:12:26",https://mathanoibacninh.com/khu-vuc/kham-mat-bac-ninh/xa-nhan-thang/
1255,page,xa-gia-binh,"2026-09-24 22:12:25","2026-09-24 15:12:25","2026-09-24 22:12:25","2026-09-24 15:12:25",https://mathanoibacninh.com/khu-vuc/kham-mat-bac-ninh/xa-gia-binh/
1254,page,xa-phat-tich,"2026-09-24 22:12:24","2026-09-24 15:12:24","2026-09-24 22:12:24","2026-09-24 15:12:24",https://mathanoibacninh.com/khu-vuc/kham-mat-bac-ninh/xa-phat-tich/
1252,page,xa-tan-chi,"2026-09-24 22:12:23","2026-09-24 15:12:23","2026-09-24 22:12:23","2026-09-24 15:12:23",https://mathanoibacninh.com/khu-vuc/kham-mat-bac-ninh/xa-tan-chi/
1253,page,xa-dai-dong,"2026-09-24 22:12:23","2026-09-24 15:12:23","2026-09-24 22:12:23","2026-09-24 15:12:23",https://mathanoibacninh.com/khu-vuc/kham-mat-bac-ninh/xa-dai-dong/
1251,page,xa-lien-bao,"2026-09-24 22:12:22","2026-09-24 15:12:22","2026-09-24 22:12:22","2026-09-24 15:12:22",https://mathanoibacninh.com/khu-vuc/kham-mat-bac-ninh/xa-lien-bao/
1250,page,xa-tien-du,"2026-09-24 22:12:21","2026-09-24 15:12:21","2026-09-24 22:12:21","2026-09-24 15:12:21",https://mathanoibacninh.com/khu-vuc/kham-mat-bac-ninh/xa-tien-du/
1249,page,xa-tam-da,"2026-09-24 22:12:20","2026-09-24 15:12:20","2026-09-24 22:12:20","2026-09-24 15:12:20",https://mathanoibacninh.com/khu-vuc/kham-mat-bac-ninh/xa-tam-da/
1248,page,xa-yen-trung,"2026-09-24 22:12:19","2026-09-24 15:12:19","2026-09-24 22:12:19","2026-09-24 15:12:19",https://mathanoibacninh.com/khu-vuc/kham-mat-bac-ninh/xa-yen-trung/
1247,page,xa-tam-giang,"2026-09-24 22:12:18","2026-09-24 15:12:18","2026-09-24 22:12:18","2026-09-24 15:12:18",https://mathanoibacninh.com/khu-vuc/kham-mat-bac-ninh/xa-tam-giang/
1246,page,xa-van-mon,"2026-09-24 22:12:17","2026-09-24 15:12:17","2026-09-24 22:12:17","2026-09-24 15:12:17",https://mathanoibacninh.com/khu-vuc/kham-mat-bac-ninh/xa-van-mon/
1245,page,xa-yen-phong,"2026-09-24 22:12:16","2026-09-24 15:12:16","2026-09-24 22:12:16","2026-09-24 15:12:16",https://mathanoibacninh.com/khu-vuc/kham-mat-bac-ninh/xa-yen-phong/
1244,page,xa-phu-lang,"2026-09-24 22:12:15","2026-09-24 15:12:15","2026-09-24 22:12:15","2026-09-24 15:12:15",https://mathanoibacninh.com/khu-vuc/kham-mat-bac-ninh/xa-phu-lang/
1243,page,xa-chi-lang,"2026-09-24 22:12:14","2026-09-24 15:12:14","2026-09-24 22:12:14","2026-09-24 15:12:14",https://mathanoibacninh.com/khu-vuc/kham-mat-bac-ninh/xa-chi-lang/
664,post,tang-huyet-ap-va-vong-mac,"2026-08-23 14:38:03","2026-08-23 07:38:03","2026-10-03 14:42:58","2026-10-03 07:42:58",https://mathanoibacninh.com/kien-thuc/tang-huyet-ap-va-vong-mac/
662,post,mat-va-thai-ky,"2026-08-23 14:38:02","2026-08-23 07:38:02","2026-10-03 14:42:58","2026-10-03 07:42:58",https://mathanoibacninh.com/kien-thuc/mat-va-thai-ky/
663,post,nhan-ap-cao-chua-ton-thuong,"2026-08-23 14:38:02","2026-08-23 07:38:02","2026-10-02 15:51:08","2026-10-02 08:51:08",https://mathanoibacninh.com/kien-thuc/nhan-ap-cao-chua-ton-thuong/
661,post,benh-basedow-graves-loi-mat,"2026-08-23 14:38:01","2026-08-23 07:38:01","2026-10-03 14:42:57","2026-10-03 07:42:57",https://mathanoibacninh.com/kien-thuc/benh-basedow-graves-loi-mat/
659,post,viem-mang-bo-dao-la-gi,"2026-08-23 12:29:00","2026-08-23 05:29:00","2026-08-23 12:29:00","2026-08-23 05:29:00",https://mathanoibacninh.com/kien-thuc/viem-mang-bo-dao-la-gi/
660,post,xuat-huyet-dich-kinh,"2026-08-23 12:29:00","2026-08-23 05:29:00","2026-08-23 12:29:00","2026-08-23 05:29:00",https://mathanoibacninh.com/kien-thuc/xuat-huyet-dich-kinh/
658,post,thoai-hoa-hoang-diem-dang-uot,"2026-08-23 12:28:59","2026-08-23 05:28:59","2026-08-23 12:28:59","2026-08-23 05:28:59",https://mathanoibacninh.com/kien-thuc/thoai-hoa-hoang-diem-dang-uot/
656,post,mang-truoc-vong-mac-la-gi,"2026-08-23 12:28:58","2026-08-23 05:28:58","2026-10-03 14:42:56","2026-10-03 07:42:56",https://mathanoibacninh.com/kien-thuc/mang-truoc-vong-mac-la-gi/
657,post,thoai-hoa-hoang-diem-dang-kho,"2026-08-23 12:28:58","2026-08-23 05:28:58","2026-08-23 12:28:58","2026-08-23 05:28:58",https://mathanoibacninh.com/kien-thuc/thoai-hoa-hoang-diem-dang-kho/
655,post,lo-hoang-diem-vi-sao-nhin-meo,"2026-08-23 12:28:57","2026-08-23 05:28:57","2026-08-23 12:28:57","2026-08-23 05:28:57",https://mathanoibacninh.com/kien-thuc/lo-hoang-diem-vi-sao-nhin-meo/
654,post,glocom-goc-mo-mat-thi-truong-am-tham,"2026-08-23 12:28:56","2026-08-23 05:28:56","2026-10-03 14:42:55","2026-10-03 07:42:55",https://mathanoibacninh.com/kien-thuc/glocom-goc-mo-mat-thi-truong-am-tham/
653,post,bong-vong-mac-dau-hieu-canh-bao,"2026-08-23 12:28:55","2026-08-23 05:28:55","2026-10-03 14:42:54","2026-10-03 07:42:54",https://mathanoibacninh.com/kien-thuc/bong-vong-mac-dau-hieu-canh-bao/
575,post,mat-mo-mot-ben-ben-kia-van-ro,"2026-08-23 01:19:01","2026-08-22 18:19:01","2026-10-03 14:42:47","2026-10-03 07:42:47",https://mathanoibacninh.com/kien-thuc/mat-mo-mot-ben-ben-kia-van-ro/
573,post,mat-mo-khi-nhin-gan-nhin-xa-thi-ro,"2026-08-23 01:19:00","2026-08-22 18:19:00","2026-08-23 01:19:00","2026-08-22 18:19:00",https://mathanoibacninh.com/kien-thuc/mat-mo-khi-nhin-gan-nhin-xa-thi-ro/
574,post,mat-mo-khi-nhin-xa-nhin-gan-thi-ro,"2026-08-23 01:19:00","2026-08-22 18:19:00","2026-08-23 01:19:00","2026-08-22 18:19:00",https://mathanoibacninh.com/kien-thuc/mat-mo-khi-nhin-xa-nhin-gan-thi-ro/
572,post,mat-mo-kem-thay-man-che-hoac-mat-mang-tam-nhin,"2026-08-23 01:18:59","2026-08-22 18:18:59","2026-10-03 14:42:47","2026-10-03 07:42:47",https://mathanoibacninh.com/kien-thuc/mat-mo-kem-thay-man-che-hoac-mat-mang-tam-nhin/
570,post,mat-mo-dan-theo-thoi-gian-o-nguoi-truong-thanh,"2026-08-23 01:18:58","2026-08-22 18:18:58","2026-10-03 14:42:45","2026-10-03 07:42:45",https://mathanoibacninh.com/kien-thuc/mat-mo-dan-theo-thoi-gian-o-nguoi-truong-thanh/
571,post,mat-mo-kem-nhin-meo-duong-thang-thanh-cong,"2026-08-23 01:18:58","2026-08-22 18:18:58","2026-10-03 14:42:46","2026-10-03 07:42:46",https://mathanoibacninh.com/kien-thuc/mat-mo-kem-nhin-meo-duong-thang-thanh-cong/
569,post,mat-mo-buoi-toi-ban-ngay-thi-ro,"2026-08-23 01:18:57","2026-08-22 18:18:57","2026-10-03 14:42:44","2026-10-03 07:42:44",https://mathanoibacninh.com/kien-thuc/mat-mo-buoi-toi-ban-ngay-thi-ro/
567,post,dau-quanh-hoc-mat-keo-dai-nhieu-ngay,"2026-08-23 01:18:56","2026-08-22 18:18:56","2026-10-03 14:42:43","2026-10-03 07:42:43",https://mathanoibacninh.com/kien-thuc/dau-quanh-hoc-mat-keo-dai-nhieu-ngay/
568,post,mat-do-khong-dau-khong-mo,"2026-08-23 01:18:56","2026-08-22 18:18:56","2026-10-03 14:42:43","2026-10-03 07:42:43",https://mathanoibacninh.com/kien-thuc/mat-do-khong-dau-khong-mo/
566,post,dau-nhuc-phia-sau-nhan-cau-khi-dong-mat,"2026-08-23 01:18:55","2026-08-22 18:18:55","2026-10-03 14:42:42","2026-10-03 07:42:42",https://mathanoibacninh.com/kien-thuc/dau-nhuc-phia-sau-nhan-cau-khi-dong-mat/
565,post,com-mat-keo-dai-khong-tim-ra-di-vat,"2026-08-23 01:18:54","2026-08-22 18:18:54","2026-10-02 15:51:39","2026-10-02 08:51:39",https://mathanoibacninh.com/kien-thuc/com-mat-keo-dai-khong-tim-ra-di-vat/
635,post,seo-giac-mac-sau-chan-thuong-hoac-loet,"2026-08-23 00:44:03","2026-08-22 17:44:03","2026-08-23 00:44:03","2026-08-22 17:44:03",https://mathanoibacninh.com/kien-thuc/seo-giac-mac-sau-chan-thuong-hoac-loet/
636,post,viem-ket-mac-di-ung-theo-mua,"2026-08-23 00:44:03","2026-08-22 17:44:03","2026-08-23 00:44:03","2026-08-22 17:44:03",https://mathanoibacninh.com/kien-thuc/viem-ket-mac-di-ung-theo-mua/
634,post,mong-mat-khi-nao-can-mo,"2026-08-23 00:44:02","2026-08-22 17:44:02","2026-10-02 15:51:18","2026-10-02 08:51:18",https://mathanoibacninh.com/kien-thuc/mong-mat-khi-nao-can-mo/
632,post,mi-duoi-lat-ra-ngoai-lo-niem-mac,"2026-08-23 00:44:01","2026-08-22 17:44:01","2026-08-23 00:44:01","2026-08-22 17:44:01",https://mathanoibacninh.com/kien-thuc/mi-duoi-lat-ra-ngoai-lo-niem-mac/
633,post,mi-quap-vao-trong-long-mi-choc-mat,"2026-08-23 00:44:01","2026-08-22 17:44:01","2026-08-23 00:44:01","2026-08-22 17:44:01",https://mathanoibacninh.com/kien-thuc/mi-quap-vao-trong-long-mi-choc-mat/
631,post,lao-thi-vi-sao-sau-40-tuoi-nhin-gan-mo,"2026-08-23 00:44:00","2026-08-22 17:44:00","2026-10-03 14:42:53","2026-10-03 07:42:53",https://mathanoibacninh.com/kien-thuc/lao-thi-vi-sao-sau-40-tuoi-nhin-gan-mo/
629,post,kho-mat-nang-khong-do-du-da-nho-thuoc,"2026-08-23 00:43:59","2026-08-22 17:43:59","2026-10-03 14:42:52","2026-10-03 07:42:52",https://mathanoibacninh.com/kien-thuc/kho-mat-nang-khong-do-du-da-nho-thuoc/
630,post,kinh-khong-con-dung-do-khi-nao-do-lai,"2026-08-23 00:43:59","2026-08-22 17:43:59","2026-10-02 15:51:02","2026-10-02 08:51:02",https://mathanoibacninh.com/kien-thuc/kinh-khong-con-dung-do-khi-nao-do-lai/
628,post,sup-mi-nang-dan-ve-cuoi-ngay,"2026-08-23 00:38:38","2026-08-22 17:38:38","2026-10-03 14:42:51","2026-10-03 07:42:51",https://mathanoibacninh.com/kien-thuc/sup-mi-nang-dan-ve-cuoi-ngay/
626,post,mat-tiet-dich-lan-mau,"2026-08-23 00:38:37","2026-08-22 17:38:37","2026-08-23 00:38:37","2026-08-22 17:38:37",https://mathanoibacninh.com/kien-thuc/mat-tiet-dich-lan-mau/
627,post,sup-mi-mot-ben-moi-xuat-hien,"2026-08-23 00:38:37","2026-08-22 17:38:37","2026-10-02 15:51:00","2026-10-02 08:51:00",https://mathanoibacninh.com/kien-thuc/sup-mi-mot-ben-moi-xuat-hien/
625,post,mat-nong-rat-kem-chay-nuoc-mat,"2026-08-23 00:38:36","2026-08-22 17:38:36","2026-10-03 14:42:51","2026-10-03 07:42:51",https://mathanoibacninh.com/kien-thuc/mat-nong-rat-kem-chay-nuoc-mat/
623,post,mat-do-mot-mang-tim-sam-duoi-ket-mac,"2026-08-23 00:38:35","2026-08-22 17:38:35","2026-08-23 00:38:35","2026-08-22 17:38:35",https://mathanoibacninh.com/kien-thuc/mat-do-mot-mang-tim-sam-duoi-ket-mac/
624,post,mat-do-sau-khi-boi-hoac-tam-bien,"2026-08-23 00:38:35","2026-08-22 17:38:35","2026-10-03 14:42:50","2026-10-03 07:42:50",https://mathanoibacninh.com/kien-thuc/mat-do-sau-khi-boi-hoac-tam-bien/
622,post,mat-do-keo-dai-nhieu-tuan-khong-do,"2026-08-23 00:38:34","2026-08-22 17:38:34","2026-08-23 00:38:34","2026-08-22 17:38:34",https://mathanoibacninh.com/kien-thuc/mat-do-keo-dai-nhieu-tuan-khong-do/
620,post,loi-mat-mot-ben-khac-han-truoc,"2026-08-23 00:38:33","2026-08-22 17:38:33","2026-08-23 00:38:33","2026-08-22 17:38:33",https://mathanoibacninh.com/kien-thuc/loi-mat-mot-ben-khac-han-truoc/
621,post,mat-do-kem-ghen-vang-dinh-mi-buoi-sang,"2026-08-23 00:38:33","2026-08-22 17:38:33","2026-10-03 14:42:49","2026-10-03 07:42:49",https://mathanoibacninh.com/kien-thuc/mat-do-kem-ghen-vang-dinh-mi-buoi-sang/
619,post,hai-mat-nhin-khong-cung-huong-o-nguoi-truong-thanh,"2026-08-23 00:38:32","2026-08-22 17:38:32","2026-10-02 15:51:27","2026-10-02 08:51:27",https://mathanoibacninh.com/kien-thuc/hai-mat-nhin-khong-cung-huong-o-nguoi-truong-thanh/
617,post,chay-nuoc-mat-nhieu-khi-ra-gio-hoac-nang,"2026-08-23 00:38:31","2026-08-22 17:38:31","2026-10-01 16:02:26","2026-10-01 09:02:26",https://mathanoibacninh.com/kien-thuc/chay-nuoc-mat-nhieu-khi-ra-gio-hoac-nang/
618,post,ghen-trong-dinh-nhu-keo-chi,"2026-08-23 00:38:31","2026-08-22 17:38:31","2026-08-23 00:38:31","2026-08-22 17:38:31",https://mathanoibacninh.com/kien-thuc/ghen-trong-dinh-nhu-keo-chi/
616,post,chay-nuoc-mat-mot-ben-keo-dai-nhieu-thang,"2026-08-23 00:38:30","2026-08-22 17:38:30","2026-08-23 00:38:30","2026-08-22 17:38:30",https://mathanoibacninh.com/kien-thuc/chay-nuoc-mat-mot-ben-keo-dai-nhieu-thang/
589,post,anh-sang-xanh-tu-man-hinh,"2026-08-23 00:25:58","2026-08-22 17:25:58","2026-08-23 00:25:58","2026-08-22 17:25:58",https://mathanoibacninh.com/kien-thuc/anh-sang-xanh-tu-man-hinh/
590,post,bac-giang-gio-thuoc-tinh-nao,"2026-08-23 00:25:57","2026-08-22 17:25:57","2026-10-03 08:39:41","2026-10-03 01:39:41",https://mathanoibacninh.com/kien-thuc/bac-giang-gio-thuoc-tinh-nao/
591,post,bui-va-hoa-chat-trong-moi-truong-lam-viec,"2026-08-23 00:25:57","2026-08-22 17:25:57","2026-10-03 14:42:48","2026-10-03 07:42:48",https://mathanoibacninh.com/kien-thuc/bui-va-hoa-chat-trong-moi-truong-lam-viec/
592,post,deo-kinh-bao-ho-dung-cach,"2026-08-23 00:25:56","2026-08-22 17:25:56","2026-10-02 15:51:01","2026-10-02 08:51:01",https://mathanoibacninh.com/kien-thuc/deo-kinh-bao-ho-dung-cach/
593,post,han-dien-va-tia-cuc-tim,"2026-08-23 00:25:55","2026-08-22 17:25:55","2026-08-23 00:25:55","2026-08-22 17:25:55",https://mathanoibacninh.com/kien-thuc/han-dien-va-tia-cuc-tim/
594,post,kham-mat-ngoai-gio-hanh-chinh,"2026-08-23 00:25:55","2026-08-22 17:25:55","2026-08-23 00:25:55","2026-08-22 17:25:55",https://mathanoibacninh.com/kien-thuc/kham-mat-ngoai-gio-hanh-chinh/
595,post,kham-suc-khoe-thi-luc-cho-cong-nhan,"2026-08-23 00:25:54","2026-08-22 17:25:54","2026-08-23 00:25:54","2026-08-22 17:25:54",https://mathanoibacninh.com/kien-thuc/kham-suc-khoe-thi-luc-cho-cong-nhan/
596,post,lai-xe-ban-dem-nhin-kem,"2026-08-23 00:25:53","2026-08-22 17:25:53","2026-10-01 16:02:27","2026-10-01 09:02:27",https://mathanoibacninh.com/kien-thuc/lai-xe-ban-dem-nhin-kem/
597,post,mat-va-cong-viec-nha-may,"2026-08-23 00:25:53","2026-08-22 17:25:53","2026-08-23 00:25:53","2026-08-22 17:25:53",https://mathanoibacninh.com/kien-thuc/mat-va-cong-viec-nha-may/
598,post,quy-tac-20-20-20-cho-nguoi-lam-may-tinh,"2026-08-23 00:25:52","2026-08-22 17:25:52","2026-10-01 16:02:19","2026-10-01 09:02:19",https://mathanoibacninh.com/kien-thuc/quy-tac-20-20-20-cho-nguoi-lam-may-tinh/
576,page,ve-chung-toi,"2026-08-21 10:40:14","2026-08-21 03:40:14","2026-08-21 10:40:14","2026-08-21 03:40:14",https://mathanoibacninh.com/ve-chung-toi/
368,page,xet-nghiem-truoc-phau-thuat,"2026-08-11 09:15:52","2026-08-11 02:15:52","2026-08-11 10:08:04","2026-08-11 03:08:04",https://mathanoibacninh.com/dich-vu/xet-nghiem-truoc-phau-thuat/
366,page,phau-thuat-quem,"2026-08-11 09:15:51","2026-08-11 02:15:51","2026-08-11 10:08:02","2026-08-11 03:08:02",https://mathanoibacninh.com/dich-vu/phau-thuat-quem/
367,page,mi-mat-le-dao,"2026-08-11 09:15:51","2026-08-11 02:15:51","2026-08-11 10:08:03","2026-08-11 03:08:03",https://mathanoibacninh.com/dich-vu/mi-mat-le-dao/
365,page,phau-thuat-mong,"2026-08-11 09:15:50","2026-08-11 02:15:50","2026-08-11 10:08:02","2026-08-11 03:08:02",https://mathanoibacninh.com/dich-vu/phau-thuat-mong/
27,page,phau-thuat-khuc-xa,"2026-08-11 09:15:49","2026-08-11 02:15:49","2026-08-11 10:08:01","2026-08-11 03:08:01",https://mathanoibacninh.com/dich-vu/phau-thuat-khuc-xa/
31,page,phau-thuat-phaco,"2026-08-11 09:15:49","2026-08-11 02:15:49","2026-08-11 10:08:00","2026-08-11 03:08:00",https://mathanoibacninh.com/dich-vu/phau-thuat-phaco/
362,page,chan-doan-nhan-khoa,"2026-08-11 09:15:48","2026-08-11 02:15:48","2026-08-11 10:07:59","2026-08-11 03:07:59",https://mathanoibacninh.com/dich-vu/chan-doan-nhan-khoa/
26,page,kham-mat-tong-quat,"2026-08-11 09:15:47","2026-08-11 02:15:47","2026-08-11 10:07:58","2026-08-11 03:07:58",https://mathanoibacninh.com/dich-vu/kham-mat-tong-quat/
42,page,bang-gia,"2026-08-11 09:15:46","2026-08-11 02:15:46","2026-10-01 09:12:47","2026-10-01 02:12:47",https://mathanoibacninh.com/bang-gia/
25,page,dich-vu,"2026-08-11 09:15:45","2026-08-11 02:15:45","2026-08-11 09:15:45","2026-08-11 02:15:45",https://mathanoibacninh.com/dich-vu/
116,post,can-thi-la-gi-nguyen-nhan-va-dau-hieu,"2026-08-09 07:20:19","2026-08-09 00:20:19","2026-10-02 10:25:54","2026-10-02 03:25:54",https://mathanoibacninh.com/kien-thuc/can-thi-la-gi-nguyen-nhan-va-dau-hieu/
118,post,do-can-bao-nhieu-la-nang,"2026-08-09 07:20:19","2026-08-09 00:20:19","2026-10-02 15:51:23","2026-10-02 08:51:23",https://mathanoibacninh.com/kien-thuc/do-can-bao-nhieu-la-nang/
119,post,doi-kinh-lien-tuc-ma-van-mo,"2026-08-09 07:20:19","2026-08-09 00:20:19","2026-10-02 15:50:59","2026-10-02 08:50:59",https://mathanoibacninh.com/kien-thuc/doi-kinh-lien-tuc-ma-van-mo/
120,post,kham-khuc-xa-gom-nhung-gi,"2026-08-09 07:20:19","2026-08-09 00:20:19","2026-10-02 15:51:22","2026-10-02 08:51:22",https://mathanoibacninh.com/kien-thuc/kham-khuc-xa-gom-nhung-gi/
124,post,nhin-mo-do-mat-hay-do-nao,"2026-08-09 07:20:19","2026-08-09 00:20:19","2026-08-10 00:07:43","2026-08-09 17:07:43",https://mathanoibacninh.com/kien-thuc/nhin-mo-do-mat-hay-do-nao/
146,post,tre-deo-kinh-co-bi-phu-thuoc-khong,"2026-08-09 07:20:19","2026-08-09 00:20:19","2026-08-09 07:20:19","2026-08-09 00:20:19",https://mathanoibacninh.com/kien-thuc/tre-deo-kinh-co-bi-phu-thuoc-khong/
154,post,mo-duc-thuy-tinh-the-co-nguy-hiem,"2026-08-09 07:20:19","2026-08-09 00:20:19","2026-08-09 07:20:19","2026-08-09 00:20:19",https://mathanoibacninh.com/kien-thuc/mo-duc-thuy-tinh-the-co-nguy-hiem/
155,post,mo-mat-bao-lau-thi-nhin-ro,"2026-08-09 07:20:19","2026-08-09 00:20:19","2026-08-09 07:20:19","2026-08-09 00:20:19",https://mathanoibacninh.com/kien-thuc/mo-mat-bao-lau-thi-nhin-ro/
161,post,dau-hieu-glocom-giai-doan-som,"2026-08-09 07:20:19","2026-08-09 00:20:19","2026-08-09 07:20:19","2026-08-09 00:20:19",https://mathanoibacninh.com/kien-thuc/dau-hieu-glocom-giai-doan-som/
186,post,viem-bo-mi-mat,"2026-08-09 07:20:19","2026-08-09 00:20:19","2026-10-02 15:51:34","2026-10-02 08:51:34",https://mathanoibacninh.com/kien-thuc/viem-bo-mi-mat/
256,post,mat-giat-va-co-mi-lien-tuc,"2026-08-09 07:19:49","2026-08-09 00:19:49","2026-10-02 15:51:34","2026-10-02 08:51:34",https://mathanoibacninh.com/kien-thuc/mat-giat-va-co-mi-lien-tuc/
257,post,mat-mo-dot-ngot-trong-vai-phut,"2026-08-09 07:19:49","2026-08-09 00:19:49","2026-08-10 00:07:45","2026-08-09 17:07:45",https://mathanoibacninh.com/kien-thuc/mat-mo-dot-ngot-trong-vai-phut/
258,post,mat-nhay-cam-voi-anh-sang,"2026-08-09 07:19:49","2026-08-09 00:19:49","2026-10-02 15:51:28","2026-10-02 08:51:28",https://mathanoibacninh.com/kien-thuc/mat-nhay-cam-voi-anh-sang/
259,post,muoi-dau-hieu-o-mat-phai-di-kham-ngay,"2026-08-09 07:19:49","2026-08-09 00:19:49","2026-10-02 15:51:36","2026-10-02 08:51:36",https://mathanoibacninh.com/kien-thuc/muoi-dau-hieu-o-mat-phai-di-kham-ngay/
260,post,nhin-doi-nhin-nhoe,"2026-08-09 07:19:49","2026-08-09 00:19:49","2026-08-09 07:19:49","2026-08-09 00:19:49",https://mathanoibacninh.com/kien-thuc/nhin-doi-nhin-nhoe/
261,post,nhin-thay-quang-sang-quanh-den,"2026-08-09 07:19:49","2026-08-09 00:19:49","2026-08-09 07:19:49","2026-08-09 00:19:49",https://mathanoibacninh.com/kien-thuc/nhin-thay-quang-sang-quanh-den/
262,post,nhuc-moi-mat-khi-nhin-may-tinh,"2026-08-09 07:19:49","2026-08-09 00:19:49","2026-08-09 07:19:49","2026-08-09 00:19:49",https://mathanoibacninh.com/kien-thuc/nhuc-moi-mat-khi-nhin-may-tinh/
269,post,tac-mach-mau-vong-mac,"2026-08-09 07:19:49","2026-08-09 00:19:49","2026-10-02 15:51:26","2026-10-02 08:51:26",https://mathanoibacninh.com/kien-thuc/tac-mach-mau-vong-mac/
164,post,glocom-co-di-truyen-khong,"2026-08-09 07:19:49","2026-08-09 00:19:49","2026-08-09 07:19:49","2026-08-09 00:19:49",https://mathanoibacninh.com/kien-thuc/glocom-co-di-truyen-khong/
175,post,thoai-hoa-diem-vang-tuoi-gia,"2026-08-09 07:19:49","2026-08-09 00:19:49","2026-10-02 15:51:30","2026-10-02 08:51:30",https://mathanoibacninh.com/kien-thuc/thoai-hoa-diem-vang-tuoi-gia/
176,post,vong-mac-tieu-duong-cac-giai-doan,"2026-08-09 07:19:49","2026-08-09 00:19:49","2026-08-09 07:19:49","2026-08-09 00:19:49",https://mathanoibacninh.com/kien-thuc/vong-mac-tieu-duong-cac-giai-doan/
177,post,chalazion-va-leo-mat,"2026-08-09 07:19:49","2026-08-09 00:19:49","2026-10-02 15:51:37","2026-10-02 08:51:37",https://mathanoibacninh.com/kien-thuc/chalazion-va-leo-mat/
179,post,dau-mat-do-lay-qua-duong-nao,"2026-08-09 07:19:49","2026-08-09 00:19:49","2026-08-10 00:07:45","2026-08-09 17:07:45",https://mathanoibacninh.com/kien-thuc/dau-mat-do-lay-qua-duong-nao/
180,post,di-vat-bay-vao-mat-xu-ly-the-nao,"2026-08-09 07:19:49","2026-08-09 00:19:49","2026-10-02 15:51:05","2026-10-02 08:51:05",https://mathanoibacninh.com/kien-thuc/di-vat-bay-vao-mat-xu-ly-the-nao/
181,post,kho-mat-nguyen-nhan-va-xu-tri,"2026-08-09 07:19:49","2026-08-09 00:19:49","2026-10-01 16:02:21","2026-10-01 09:02:21",https://mathanoibacninh.com/kien-thuc/kho-mat-nguyen-nhan-va-xu-tri/
182,post,loet-giac-mac-dau-hieu-nguy-hiem,"2026-08-09 07:19:49","2026-08-09 00:19:49","2026-10-02 15:51:19","2026-10-02 08:51:19",https://mathanoibacninh.com/kien-thuc/loet-giac-mac-dau-hieu-nguy-hiem/
183,post,mat-com-nhu-co-hat-cat,"2026-08-09 07:19:49","2026-08-09 00:19:49","2026-10-02 15:51:38","2026-10-02 08:51:38",https://mathanoibacninh.com/kien-thuc/mat-com-nhu-co-hat-cat/
184,post,mat-do-khong-phai-dau-mat-do,"2026-08-09 07:19:49","2026-08-09 00:19:49","2026-08-09 07:19:49","2026-08-09 00:19:49",https://mathanoibacninh.com/kien-thuc/mat-do-khong-phai-dau-mat-do/
187,post,lac-mat-o-tre-co-tu-het-khong,"2026-08-09 07:19:49","2026-08-09 00:19:49","2026-08-09 07:19:49","2026-08-09 00:19:49",https://mathanoibacninh.com/kien-thuc/lac-mat-o-tre-co-tu-het-khong/
188,post,lac-trong-lac-ngoai-khac-nhau,"2026-08-09 07:19:49","2026-08-09 00:19:49","2026-08-09 07:19:49","2026-08-09 00:19:49",https://mathanoibacninh.com/kien-thuc/lac-trong-lac-ngoai-khac-nhau/
189,post,nhuoc-thi-dieu-tri-den-tuoi-nao,"2026-08-09 07:19:49","2026-08-09 00:19:49","2026-08-09 07:19:49","2026-08-09 00:19:49",https://mathanoibacninh.com/kien-thuc/nhuoc-thi-dieu-tri-den-tuoi-nao/
190,post,nhuoc-thi-la-gi-o-tre,"2026-08-09 07:19:49","2026-08-09 00:19:49","2026-10-02 15:51:16","2026-10-02 08:51:16",https://mathanoibacninh.com/kien-thuc/nhuoc-thi-la-gi-o-tre/
191,post,tre-so-sinh-mat-lac-nhe,"2026-08-09 07:19:49","2026-08-09 00:19:49","2026-08-09 07:19:49","2026-08-09 00:19:49",https://mathanoibacninh.com/kien-thuc/tre-so-sinh-mat-lac-nhe/
192,post,bit-mat-dieu-tri-nhuoc-thi,"2026-08-09 07:19:49","2026-08-09 00:19:49","2026-08-09 07:19:49","2026-08-09 00:19:49",https://mathanoibacninh.com/kien-thuc/bit-mat-dieu-tri-nhuoc-thi/
193,post,dong-tu-trang-o-tre,"2026-08-09 07:19:49","2026-08-09 00:19:49","2026-08-09 07:19:49","2026-08-09 00:19:49",https://mathanoibacninh.com/kien-thuc/dong-tu-trang-o-tre/
194,post,kham-mat-cho-tre-truoc-tuoi-di-hoc,"2026-08-09 07:19:49","2026-08-09 00:19:49","2026-08-09 07:19:49","2026-08-09 00:19:49",https://mathanoibacninh.com/kien-thuc/kham-mat-cho-tre-truoc-tuoi-di-hoc/
199,post,sup-mi-o-tre-nho,"2026-08-09 07:19:49","2026-08-09 00:19:49","2026-10-02 15:51:35","2026-10-02 08:51:35",https://mathanoibacninh.com/kien-thuc/sup-mi-o-tre-nho/
200,post,tre-cham-phan-ung-anh-sang,"2026-08-09 07:19:49","2026-08-09 00:19:49","2026-08-09 07:19:49","2026-08-09 00:19:49",https://mathanoibacninh.com/kien-thuc/tre-cham-phan-ung-anh-sang/
254,post,dau-mat-du-doi-kem-nhuc-dau-non,"2026-08-09 07:19:49","2026-08-09 00:19:49","2026-08-09 07:19:49","2026-08-09 00:19:49",https://mathanoibacninh.com/kien-thuc/dau-mat-du-doi-kem-nhuc-dau-non/
255,post,mat-bi-cham-thuong-do-vat-nhon,"2026-08-09 07:19:49","2026-08-09 00:19:49","2026-10-02 15:51:04","2026-10-02 08:51:04",https://mathanoibacninh.com/kien-thuc/mat-bi-cham-thuong-do-vat-nhon/
263,post,sung-ne-quanh-mat-va-sot,"2026-08-09 07:19:48","2026-08-09 00:19:48","2026-08-09 07:19:48","2026-08-09 00:19:48",https://mathanoibacninh.com/kien-thuc/sung-ne-quanh-mat-va-sot/
159,post,ai-de-bi-glocom,"2026-08-09 07:19:48","2026-08-09 00:19:48","2026-08-09 07:19:48","2026-08-09 00:19:48",https://mathanoibacninh.com/kien-thuc/ai-de-bi-glocom/
167,post,thuoc-nho-mat-ha-nhan-ap-dung-dung,"2026-08-09 07:19:48","2026-08-09 00:19:48","2026-08-09 07:19:48","2026-08-09 00:19:48",https://mathanoibacninh.com/kien-thuc/thuoc-nho-mat-ha-nhan-ap-dung-dung/
168,post,bien-chung-mat-o-nguoi-tieu-duong,"2026-08-09 07:19:48","2026-08-09 00:19:48","2026-08-09 07:19:48","2026-08-09 00:19:48",https://mathanoibacninh.com/kien-thuc/bien-chung-mat-o-nguoi-tieu-duong/
171,post,chop-sang-va-ruoi-bay-truoc-mat,"2026-08-09 07:19:48","2026-08-09 00:19:48","2026-08-09 07:19:48","2026-08-09 00:19:48",https://mathanoibacninh.com/kien-thuc/chop-sang-va-ruoi-bay-truoc-mat/
172,post,man-che-truoc-mat-nhu-buc-man,"2026-08-09 07:19:48","2026-08-09 00:19:48","2026-08-09 07:19:48","2026-08-09 00:19:48",https://mathanoibacninh.com/kien-thuc/man-che-truoc-mat-nhu-buc-man/
173,post,mat-mo-dot-ngot-mot-ben,"2026-08-09 07:19:48","2026-08-09 00:19:48","2026-08-09 07:19:48","2026-08-09 00:19:48",https://mathanoibacninh.com/kien-thuc/mat-mo-dot-ngot-mot-ben/
174,post,soi-day-mat-la-gi,"2026-08-09 07:19:48","2026-08-09 00:19:48","2026-08-09 07:19:48","2026-08-09 00:19:48",https://mathanoibacninh.com/kien-thuc/soi-day-mat-la-gi/
178,post,dau-mat-do-bao-lau-thi-khoi,"2026-08-09 07:19:48","2026-08-09 00:19:48","2026-08-09 07:19:48","2026-08-09 00:19:48",https://mathanoibacninh.com/kien-thuc/dau-mat-do-bao-lau-thi-khoi/
185,post,nuoc-mat-nhan-tao-dung-the-nao,"2026-08-09 07:19:48","2026-08-09 00:19:48","2026-10-02 15:51:33","2026-10-02 08:51:33",https://mathanoibacninh.com/kien-thuc/nuoc-mat-nhan-tao-dung-the-nao/
117,post,can-thi-tang-do-nhanh-o-nguoi-truong-thanh,"2026-08-09 07:19:27","2026-08-09 00:19:27","2026-08-09 07:19:27","2026-08-09 00:19:27",https://mathanoibacninh.com/kien-thuc/can-thi-tang-do-nhanh-o-nguoi-truong-thanh/
121,post,lech-do-hai-mat,"2026-08-09 07:19:27","2026-08-09 00:19:27","2026-08-09 07:19:27","2026-08-09 00:19:27",https://mathanoibacninh.com/kien-thuc/lech-do-hai-mat/
122,post,loan-thi-la-gi-khac-can-thi-the-nao,"2026-08-09 07:19:27","2026-08-09 00:19:27","2026-10-02 15:51:09","2026-10-02 08:51:09",https://mathanoibacninh.com/kien-thuc/loan-thi-la-gi-khac-can-thi-the-nao/
123,post,mat-mo-mot-ben-khong-phai-can-thi,"2026-08-09 07:19:27","2026-08-09 00:19:27","2026-08-09 07:19:27","2026-08-09 00:19:27",https://mathanoibacninh.com/kien-thuc/mat-mo-mot-ben-khong-phai-can-thi/
125,post,vien-thi-o-nguoi-truong-thanh,"2026-08-09 07:19:27","2026-08-09 00:19:27","2026-08-09 07:19:27","2026-08-09 00:19:27",https://mathanoibacninh.com/kien-thuc/vien-thi-o-nguoi-truong-thanh/
140,post,cach-han-che-tang-do-can-cho-tre,"2026-08-09 07:19:27","2026-08-09 00:19:27","2026-10-01 09:12:50","2026-10-01 02:12:50",https://mathanoibacninh.com/kien-thuc/cach-han-che-tang-do-can-cho-tre/
141,post,con-bi-can-co-tang-do-nua-khong,"2026-08-09 07:19:27","2026-08-09 00:19:27","2026-08-09 07:19:27","2026-08-09 00:19:27",https://mathanoibacninh.com/kien-thuc/con-bi-can-co-tang-do-nua-khong/
142,post,con-hay-nheo-mat-khi-xem-tivi,"2026-08-09 07:19:27","2026-08-09 00:19:27","2026-10-02 15:51:13","2026-10-02 08:51:13",https://mathanoibacninh.com/kien-thuc/con-hay-nheo-mat-khi-xem-tivi/
143,post,dau-hieu-tre-bi-can-thi-som,"2026-08-09 07:19:27","2026-08-09 00:19:27","2026-10-02 15:51:17","2026-10-02 08:51:17",https://mathanoibacninh.com/kien-thuc/dau-hieu-tre-bi-can-thi-som/
145,post,thoi-gian-ngoai-troi-va-can-thi-tre,"2026-08-09 07:19:27","2026-08-09 00:19:27","2026-10-02 15:51:14","2026-10-02 08:51:14",https://mathanoibacninh.com/kien-thuc/thoi-gian-ngoai-troi-va-can-thi-tre/
148,post,tre-may-tuoi-thi-do-mat-duoc,"2026-08-09 07:19:27","2026-08-09 00:19:27","2026-10-02 15:51:15","2026-10-02 08:51:15",https://mathanoibacninh.com/kien-thuc/tre-may-tuoi-thi-do-mat-duoc/
149,post,bo-me-80-tuoi-mo-mat-duoc-khong,"2026-08-09 07:19:27","2026-08-09 00:19:27","2026-08-10 00:07:41","2026-08-09 17:07:41",https://mathanoibacninh.com/kien-thuc/bo-me-80-tuoi-mo-mat-duoc-khong/
150,post,duc-thuy-tinh-the-dau-hieu-som,"2026-08-09 07:19:27","2026-08-09 00:19:27","2026-10-02 15:51:06","2026-10-02 08:51:06",https://mathanoibacninh.com/kien-thuc/duc-thuy-tinh-the-dau-hieu-som/
151,post,lao-thi-va-duc-thuy-tinh-the-khac-nhau,"2026-08-09 07:19:27","2026-08-09 00:19:27","2026-10-02 15:51:20","2026-10-02 08:51:20",https://mathanoibacninh.com/kien-thuc/lao-thi-va-duc-thuy-tinh-the-khac-nhau/
152,post,mat-keo-may-la-benh-gi,"2026-08-09 07:19:27","2026-08-09 00:19:27","2026-08-09 07:19:27","2026-08-09 00:19:27",https://mathanoibacninh.com/kien-thuc/mat-keo-may-la-benh-gi/
153,post,mat-nguoi-cao-tuoi-kham-dinh-ky,"2026-08-09 07:19:27","2026-08-09 00:19:27","2026-08-09 07:19:27","2026-08-09 00:19:27",https://mathanoibacninh.com/kien-thuc/mat-nguoi-cao-tuoi-kham-dinh-ky/
166,post,thi-truong-mat-thu-hep-dan,"2026-08-09 07:19:27","2026-08-09 00:19:27","2026-10-02 15:51:07","2026-10-02 08:51:07",https://mathanoibacninh.com/kien-thuc/thi-truong-mat-thu-hep-dan/
267,post,kiem-soat-tien-trien-can-thi-la-gi,"2026-08-09 07:19:26","2026-08-09 00:19:26","2026-10-02 15:51:24","2026-10-02 08:51:24",https://mathanoibacninh.com/kien-thuc/kiem-soat-tien-trien-can-thi-la-gi/
268,post,glocom-co-chua-khoi-duoc-khong,"2026-08-09 07:19:26","2026-08-09 00:19:26","2026-08-09 07:19:26","2026-08-09 00:19:26",https://mathanoibacninh.com/kien-thuc/glocom-co-chua-khoi-duoc-khong/
284,post,bao-hiem-y-te-kham-mat-the-nao,"2026-08-09 07:19:26","2026-08-09 00:19:26","2026-10-02 15:51:21","2026-10-02 08:51:21",https://mathanoibacninh.com/kien-thuc/bao-hiem-y-te-kham-mat-the-nao/
285,post,di-kham-mat-can-chuan-bi-gi,"2026-08-09 07:19:26","2026-08-09 00:19:26","2026-10-02 15:51:25","2026-10-02 08:51:25",https://mathanoibacninh.com/kien-thuc/di-kham-mat-can-chuan-bi-gi/
286,post,giay-chuyen-tuyen-can-nhung-gi,"2026-08-09 07:19:26","2026-08-09 00:19:26","2026-08-09 07:19:26","2026-08-09 00:19:26",https://mathanoibacninh.com/kien-thuc/giay-chuyen-tuyen-can-nhung-gi/
287,post,ket-qua-kham-mat-doc-the-nao,"2026-08-09 07:19:26","2026-08-09 00:19:26","2026-08-09 07:19:26","2026-08-09 00:19:26",https://mathanoibacninh.com/kien-thuc/ket-qua-kham-mat-doc-the-nao/
288,post,kham-dung-tuyen-va-vuot-tuyen,"2026-08-09 07:19:26","2026-08-09 00:19:26","2026-08-09 07:19:26","2026-08-09 00:19:26",https://mathanoibacninh.com/kien-thuc/kham-dung-tuyen-va-vuot-tuyen/
289,post,khi-nao-can-kham-lai-mat,"2026-08-09 07:19:26","2026-08-09 00:19:26","2026-10-02 15:51:27","2026-10-02 08:51:27",https://mathanoibacninh.com/kien-thuc/khi-nao-can-kham-lai-mat/
290,post,nguoi-gia-di-kham-mat-can-nguoi-di-cung,"2026-08-09 07:19:26","2026-08-09 00:19:26","2026-08-09 07:19:26","2026-08-09 00:19:26",https://mathanoibacninh.com/kien-thuc/nguoi-gia-di-kham-mat-can-nguoi-di-cung/
291,post,nho-thuoc-gian-dong-tu-anh-huong-gi,"2026-08-09 07:19:26","2026-08-09 00:19:26","2026-08-09 07:19:26","2026-08-09 00:19:26",https://mathanoibacninh.com/kien-thuc/nho-thuoc-gian-dong-tu-anh-huong-gi/
292,post,quy-trinh-kham-mat-gom-may-buoc,"2026-08-09 07:19:26","2026-08-09 00:19:26","2026-10-02 10:25:58","2026-10-02 03:25:58",https://mathanoibacninh.com/kien-thuc/quy-trinh-kham-mat-gom-may-buoc/
293,post,truoc-khi-kham-mat-co-can-nhin-an,"2026-08-09 07:19:26","2026-08-09 00:19:26","2026-08-09 07:19:26","2026-08-09 00:19:26",https://mathanoibacninh.com/kien-thuc/truoc-khi-kham-mat-co-can-nhin-an/
144,post,kham-mat-hoc-duong-cho-hoc-sinh,"2026-08-09 07:19:26","2026-08-09 00:19:26","2026-08-09 07:19:26","2026-08-09 00:19:26",https://mathanoibacninh.com/kien-thuc/kham-mat-hoc-duong-cho-hoc-sinh/
147,post,tre-hoc-online-nhieu-anh-huong-mat,"2026-08-09 07:19:26","2026-08-09 00:19:26","2026-08-09 07:19:26","2026-08-09 00:19:26",https://mathanoibacninh.com/kien-thuc/tre-hoc-online-nhieu-anh-huong-mat/
156,post,nguoi-gia-mat-mo-nhin-khong-ro,"2026-08-09 07:19:26","2026-08-09 00:19:26","2026-10-02 15:51:32","2026-10-02 08:51:32",https://mathanoibacninh.com/kien-thuc/nguoi-gia-mat-mo-nhin-khong-ro/
157,post,sau-mo-mat-kieng-an-gi-kieng-lam-gi,"2026-08-09 07:19:26","2026-08-09 00:19:26","2026-08-09 07:19:26","2026-08-09 00:19:26",https://mathanoibacninh.com/kien-thuc/sau-mo-mat-kieng-an-gi-kieng-lam-gi/
158,post,thuy-tinh-the-nhan-tao-chon-loai-nao,"2026-08-09 07:19:26","2026-08-09 00:19:26","2026-08-09 07:19:26","2026-08-09 00:19:26",https://mathanoibacninh.com/kien-thuc/thuy-tinh-the-nhan-tao-chon-loai-nao/
160,post,cuom-nuoc-va-cuom-kho-khac-nhau,"2026-08-09 07:19:26","2026-08-09 00:19:26","2026-08-09 07:19:26","2026-08-09 00:19:26",https://mathanoibacninh.com/kien-thuc/cuom-nuoc-va-cuom-kho-khac-nhau/
162,post,do-nhan-ap-la-gi,"2026-08-09 07:19:26","2026-08-09 00:19:26","2026-10-02 15:51:10","2026-10-02 08:51:10",https://mathanoibacninh.com/kien-thuc/do-nhan-ap-la-gi/
163,post,glocom-cap-dau-mat-du-doi,"2026-08-09 07:19:26","2026-08-09 00:19:26","2026-08-09 07:19:26","2026-08-09 00:19:26",https://mathanoibacninh.com/kien-thuc/glocom-cap-dau-mat-du-doi/
165,post,glocom-cuom-nuoc-la-benh-gi,"2026-08-09 07:19:26","2026-08-09 00:19:26","2026-08-09 07:19:26","2026-08-09 00:19:26",https://mathanoibacninh.com/kien-thuc/glocom-cuom-nuoc-la-benh-gi/
169,post,can-nang-va-nguy-co-vong-mac,"2026-08-09 07:19:26","2026-08-09 00:19:26","2026-10-02 15:51:22","2026-10-02 08:51:22",https://mathanoibacninh.com/kien-thuc/can-nang-va-nguy-co-vong-mac/
170,post,cao-huyet-ap-anh-huong-mat,"2026-08-09 07:19:26","2026-08-09 00:19:26","2026-10-02 15:51:29","2026-10-02 08:51:29",https://mathanoibacninh.com/kien-thuc/cao-huyet-ap-anh-huong-mat/
73,post,he-dung-cham-da-ma-quen-mat-bac-si-tiet-lo-ly-do,"2026-08-06 21:03:14","2026-08-06 14:03:14","2026-10-01 16:02:25","2026-10-01 09:02:25",https://mathanoibacninh.com/kien-thuc/he-dung-cham-da-ma-quen-mat-bac-si-tiet-lo-ly-do/
75,post,cach-deo-lens-va-thao-lens-don-gian-cho-nguoi-moi-bat-dau,"2026-08-06 21:03:14","2026-08-06 14:03:14","2026-10-02 15:51:00","2026-10-02 08:51:00",https://mathanoibacninh.com/kien-thuc/cach-deo-lens-va-thao-lens-don-gian-cho-nguoi-moi-bat-dau/
74,post,khong-nen-tu-y-mua-khang-sinh-tri-dau-mat-do,"2026-08-06 21:02:23","2026-08-06 14:02:23","2026-08-06 21:03:14","2026-08-06 14:03:14",https://mathanoibacninh.com/kien-thuc/khong-nen-tu-y-mua-khang-sinh-tri-dau-mat-do/
6,page,gioi-thieu,"2026-08-06 05:10:33","2026-08-05 22:10:33","2026-10-01 09:12:45","2026-10-01 02:12:45",https://mathanoibacninh.com/gioi-thieu/
7,page,tam-nhin-gia-tri,"2026-08-06 05:10:33","2026-08-05 22:10:33","2026-08-06 05:10:33","2026-08-05 22:10:33",https://mathanoibacninh.com/gioi-thieu/tam-nhin-gia-tri/
8,page,co-so-vat-chat,"2026-08-06 05:10:33","2026-08-05 22:10:33","2026-08-06 05:10:33","2026-08-05 22:10:33",https://mathanoibacninh.com/gioi-thieu/co-so-vat-chat/
9,page,trang-thiet-bi,"2026-08-06 05:10:33","2026-08-05 22:10:33","2026-08-06 05:10:33","2026-08-05 22:10:33",https://mathanoibacninh.com/gioi-thieu/trang-thiet-bi/
10,page,ho-so-phap-ly,"2026-08-06 05:10:33","2026-08-05 22:10:33","2026-08-06 05:10:33","2026-08-05 22:10:33",https://mathanoibacninh.com/gioi-thieu/ho-so-phap-ly/
11,page,doi-ngu-bac-si,"2026-08-06 05:10:33","2026-08-05 22:10:33","2026-10-01 09:12:49","2026-10-01 02:12:49",https://mathanoibacninh.com/doi-ngu-bac-si/
12,page,chuyen-khoa,"2026-08-06 05:10:33","2026-08-05 22:10:33","2026-08-10 11:34:01","2026-08-10 04:34:01",https://mathanoibacninh.com/chuyen-khoa/
14,page,can-thi,"2026-08-06 05:10:33","2026-08-05 22:10:33","2026-08-23 10:00:00","2026-08-23 03:00:00",https://mathanoibacninh.com/chuyen-khoa/tat-khuc-xa/can-thi/
15,page,vien-thi,"2026-08-06 05:10:33","2026-08-05 22:10:33","2026-08-23 10:00:00","2026-08-23 03:00:00",https://mathanoibacninh.com/chuyen-khoa/tat-khuc-xa/vien-thi/
16,page,loan-thi,"2026-08-06 05:10:33","2026-08-05 22:10:33","2026-08-23 10:00:00","2026-08-23 03:00:00",https://mathanoibacninh.com/chuyen-khoa/tat-khuc-xa/loan-thi/
18,page,glocom,"2026-08-06 05:10:33","2026-08-05 22:10:33","2026-08-23 08:57:32","2026-08-23 01:57:32",https://mathanoibacninh.com/chuyen-khoa/glocom/
19,page,dich-kinh-vong-mac,"2026-08-06 05:10:33","2026-08-05 22:10:33","2026-08-23 08:57:34","2026-08-23 01:57:34",https://mathanoibacninh.com/chuyen-khoa/dich-kinh-vong-mac/
20,page,giac-mac-ket-mac,"2026-08-06 05:10:33","2026-08-05 22:10:33","2026-08-23 08:57:34","2026-08-23 01:57:34",https://mathanoibacninh.com/chuyen-khoa/giac-mac-ket-mac/
21,page,mat-tre-em,"2026-08-06 05:10:33","2026-08-05 22:10:33","2026-08-23 08:57:35","2026-08-23 01:57:35",https://mathanoibacninh.com/chuyen-khoa/mat-tre-em/
22,page,kiem-soat-can-thi,"2026-08-06 05:10:33","2026-08-05 22:10:33","2026-08-06 05:10:33","2026-08-05 22:10:33",https://mathanoibacninh.com/chuyen-khoa/mat-tre-em/kiem-soat-can-thi/
23,page,nhuoc-thi-lac,"2026-08-06 05:10:33","2026-08-05 22:10:33","2026-08-06 05:10:33","2026-08-05 22:10:33",https://mathanoibacninh.com/chuyen-khoa/mat-tre-em/nhuoc-thi-lac/
24,page,mat-nguoi-cao-tuoi,"2026-08-06 05:10:33","2026-08-05 22:10:33","2026-08-23 08:57:36","2026-08-23 01:57:36",https://mathanoibacninh.com/chuyen-khoa/mat-nguoi-cao-tuoi/
47,page,hoi-dap,"2026-08-06 05:10:33","2026-08-05 22:10:33","2026-08-06 05:10:33","2026-08-05 22:10:33",https://mathanoibacninh.com/hoi-dap/
48,page,truoc-khi-di-kham,"2026-08-06 05:10:33","2026-08-05 22:10:33","2026-08-10 10:02:35","2026-08-10 03:02:35",https://mathanoibacninh.com/hoi-dap/truoc-khi-di-kham/
49,page,mo-mat-va-hoi-phuc,"2026-08-06 05:10:33","2026-08-05 22:10:33","2026-08-10 10:02:34","2026-08-10 03:02:34",https://mathanoibacninh.com/hoi-dap/mo-mat-va-hoi-phuc/
51,page,hoi-dap-mat-tre-em,"2026-08-06 05:10:33","2026-08-05 22:10:33","2026-08-10 10:02:33","2026-08-10 03:02:33",https://mathanoibacninh.com/hoi-dap/hoi-dap-mat-tre-em/
52,page,kien-thuc,"2026-08-06 05:10:33","2026-08-05 22:10:33","2026-08-06 05:10:33","2026-08-05 22:10:33",https://mathanoibacninh.com/kien-thuc/
53,page,tin-tuc,"2026-08-06 05:10:33","2026-08-05 22:10:33","2026-08-06 05:10:33","2026-08-05 22:10:33",https://mathanoibacninh.com/tin-tuc/
54,page,khu-vuc,"2026-08-06 05:10:33","2026-08-05 22:10:33","2026-10-03 08:32:47","2026-10-03 01:32:47",https://mathanoibacninh.com/khu-vuc/
55,page,kham-mat-bac-giang,"2026-08-06 05:10:33","2026-08-05 22:10:33","2026-10-03 08:32:47","2026-10-03 01:32:47",https://mathanoibacninh.com/khu-vuc/kham-mat-bac-giang/
56,page,kham-mat-bac-ninh,"2026-08-06 05:10:33","2026-08-05 22:10:33","2026-10-03 08:32:47","2026-10-03 01:32:47",https://mathanoibacninh.com/khu-vuc/kham-mat-bac-ninh/
57,page,dat-lich-kham,"2026-08-06 05:10:33","2026-08-05 22:10:33","2026-10-01 09:12:47","2026-10-01 02:12:47",https://mathanoibacninh.com/dat-lich-kham/
58,page,lien-he,"2026-08-06 05:10:33","2026-08-05 22:10:33","2026-10-01 09:12:46","2026-10-01 02:12:46",https://mathanoibacninh.com/lien-he/
59,page,tuyen-dung,"2026-08-06 05:10:33","2026-08-05 22:10:33","2026-08-06 05:10:33","2026-08-05 22:10:33",https://mathanoibacninh.com/tuyen-dung/
60,page,chinh-sach,"2026-08-06 05:10:33","2026-08-05 22:10:33","2026-08-06 05:10:33","2026-08-05 22:10:33",https://mathanoibacninh.com/chinh-sach/
61,page,quyen-rieng-tu,"2026-08-06 05:10:33","2026-08-05 22:10:33","2026-08-06 05:10:33","2026-08-05 22:10:33",https://mathanoibacninh.com/chinh-sach/quyen-rieng-tu/
62,page,mien-tru-trach-nhiem-y-khoa,"2026-08-06 05:10:33","2026-08-05 22:10:33","2026-08-11 18:22:36","2026-08-11 11:22:36",https://mathanoibacninh.com/chinh-sach/mien-tru-trach-nhiem-y-khoa/
63,page,trang-dang-ky,"2026-08-06 05:10:33","2026-08-05 22:10:33","2026-08-06 05:10:33","2026-08-05 22:10:33",https://mathanoibacninh.com/trang-dang-ky/
64,page,dat-lich-thanh-cong,"2026-08-06 05:10:33","2026-08-05 22:10:33","2026-08-06 05:10:33","2026-08-05 22:10:33",https://mathanoibacninh.com/dat-lich-thanh-cong/
