1678	tim-hieu-mi-mat-le-dao-hoc-mat	Tìm hiểu về mi mắt, lệ đạo và hốc mắt	mi-mat-le-dao-hoc-mat.webp	Ảnh minh họa khám mi mắt và vùng lệ đạo	Ảnh minh họa tạo bằng AI; không phải bác sĩ, người bệnh hoặc hoạt động thực tế của bệnh viện.	6d17a76b687393df6fa6d897b3a1e21936951637ee0926bdfe1f851a71c7c498
1679	tim-hieu-trieu-chung-mat-thuong-gap	Cách tìm hiểu các triệu chứng mắt thường gặp	trieu-chung-mat-thuong-gap.webp	Ảnh minh họa người bệnh trao đổi triệu chứng mắt với bác sĩ	Ảnh minh họa tạo bằng AI; không phải bác sĩ, người bệnh hoặc hoạt động thực tế của bệnh viện.	87deb5d07d421e66a642e70f0c4925f77d192d0b8484a33734ba6fb256828ac9
1680	suc-khoe-mat-va-benh-toan-than	Sức khỏe mắt khi đang theo dõi bệnh toàn thân	mat-va-benh-toan-than.webp	Ảnh minh họa tư vấn về mắt và sức khỏe toàn thân	Ảnh minh họa tạo bằng AI; không phải bác sĩ, người bệnh hoặc hoạt động thực tế của bệnh viện.	83664e6dd0f1eb5cb88256c1a8f0f9fd72f74e71cfdb1a54192b4084306a4e5d
1681	doc-ket-qua-kham-mat-bat-dau-tu-dau	Đọc kết quả khám mắt: bắt đầu từ đâu?	hieu-ket-qua-kham-mat.webp	Ảnh minh họa giải thích kết quả khám mắt	Ảnh minh họa tạo bằng AI; không phải bác sĩ, người bệnh hoặc hoạt động thực tế của bệnh viện.	75dc7f5abf5d4520b74c60ada97eca199a224fa725fd24dd0401abd06f2324e7
1682	dung-thuoc-mat-an-toan-nhung-dieu-nen-hoi	Dùng thuốc mắt an toàn: những điều nên hỏi trước khi sử dụng	dung-thuoc-mat-an-toan.webp	Ảnh minh họa cách nhỏ thuốc mắt không chạm đầu lọ vào mắt	Ảnh minh họa tạo bằng AI; không phải bác sĩ, người bệnh hoặc hoạt động thực tế của bệnh viện.	2ed03f3be0143b4b7af1c6633a8ae7f6ffdb25dc09ea398bd38299eb967d74c4
1683	gioi-thieu-cau-chuyen-nguoi-benh	Câu chuyện người bệnh: lắng nghe trải nghiệm, tôn trọng riêng tư	cau-chuyen-nguoi-benh.webp	Ảnh minh họa cuộc trao đổi giữa người bệnh và bác sĩ mắt	Ảnh minh họa tạo bằng AI; không phải bác sĩ, người bệnh hoặc hoạt động thực tế của bệnh viện.	1be8a5de6e306c10e8cf51036b59d3ff392124052fb330f23e479335bf6375bb
1684	gioi-thieu-goc-bac-si	Góc bác sĩ: hiểu thêm người chăm sóc đôi mắt	goc-bac-si.webp	Ảnh minh họa bác sĩ khám mắt bằng đèn khe	Ảnh minh họa tạo bằng AI; không phải bác sĩ, người bệnh hoặc hoạt động thực tế của bệnh viện.	a8b3281afa4e40668075189403d939ccd97ef3278a462446dbbcb2d91422f2a8
1685	gioi-thieu-doi-song-benh-vien	Đời sống bệnh viện: con người phía sau mỗi ngày làm việc	doi-song-benh-vien.webp	Ảnh minh họa nhân viên chuẩn bị phòng khám mắt	Ảnh minh họa tạo bằng AI; không phải bác sĩ, người bệnh hoặc hoạt động thực tế của bệnh viện.	22ce44b1c9be0fdb0dfbb41944221b81ae2a53dbd90f008afdaf969755cbb395
1686	gioi-thieu-hoat-dong-cong-dong	Hoạt động cộng đồng: thông tin chăm sóc mắt đến gần hơn	hoat-dong-cong-dong.webp	Ảnh minh họa trao đổi chăm sóc mắt với người cao tuổi	Ảnh minh họa tạo bằng AI; không phải bác sĩ, người bệnh hoặc hoạt động thực tế của bệnh viện.	1872234dad1ca71829b0bb681572993daf88bf5ae05b283ddc82739a2e8ccb63
1687	gioi-thieu-thong-bao-benh-vien	Thông báo bệnh viện: theo dõi thông tin đang áp dụng	thong-bao-benh-vien.webp	Ảnh minh họa quầy tiếp nhận thông tin tại cơ sở nhãn khoa	Ảnh minh họa tạo bằng AI; không phải bác sĩ, người bệnh hoặc hoạt động thực tế của bệnh viện.	6fbe633781334ef68b436d14de7423d4617e934f11144d5acecd68f8e4abaf3c
1688	gioi-thieu-uu-dai-va-ho-tro-nguoi-benh	Ưu đãi và hỗ trợ người bệnh: xem rõ điều kiện trước khi quyết định	uu-dai-va-ho-tro-nguoi-benh.webp	Ảnh minh họa nhân viên giải thích thông tin hỗ trợ người bệnh	Ảnh minh họa tạo bằng AI; không phải bác sĩ, người bệnh hoặc hoạt động thực tế của bệnh viện.	b4ae5afa656a4ef72dc740924042809adaf76bd18c21e3bc30a020d4e72a8d8a
1689	gioi-thieu-tuyen-dung	Tuyển dụng: nơi cập nhật cơ hội làm việc được xác nhận	tuyen-dung.webp	Ảnh minh họa nhóm nhân sự nhãn khoa trao đổi công việc	Ảnh minh họa tạo bằng AI; không phải bác sĩ, người bệnh hoặc hoạt động thực tế của bệnh viện.	16c99496fbfc60f71655b9302090ee25fabfd39f6b0366225a5b96c8310e4284
