post_id	attachment_id	file	url
1678	1707	mi-mat-le-dao-hoc-mat.webp	https://mathanoibacninh.com/wp-content/uploads/2026/10/mi-mat-le-dao-hoc-mat.webp
1679	1708	trieu-chung-mat-thuong-gap.webp	https://mathanoibacninh.com/wp-content/uploads/2026/10/trieu-chung-mat-thuong-gap.webp
1680	1709	mat-va-benh-toan-than.webp	https://mathanoibacninh.com/wp-content/uploads/2026/10/mat-va-benh-toan-than.webp
1681	1710	hieu-ket-qua-kham-mat.webp	https://mathanoibacninh.com/wp-content/uploads/2026/10/hieu-ket-qua-kham-mat.webp
1682	1711	dung-thuoc-mat-an-toan.webp	https://mathanoibacninh.com/wp-content/uploads/2026/10/dung-thuoc-mat-an-toan.webp
1683	1712	cau-chuyen-nguoi-benh.webp	https://mathanoibacninh.com/wp-content/uploads/2026/10/cau-chuyen-nguoi-benh.webp
1684	1713	goc-bac-si.webp	https://mathanoibacninh.com/wp-content/uploads/2026/10/goc-bac-si.webp
1685	1714	doi-song-benh-vien.webp	https://mathanoibacninh.com/wp-content/uploads/2026/10/doi-song-benh-vien.webp
1686	1715	hoat-dong-cong-dong.webp	https://mathanoibacninh.com/wp-content/uploads/2026/10/hoat-dong-cong-dong.webp
1687	1716	thong-bao-benh-vien.webp	https://mathanoibacninh.com/wp-content/uploads/2026/10/thong-bao-benh-vien.webp
1688	1717	uu-dai-va-ho-tro-nguoi-benh.webp	https://mathanoibacninh.com/wp-content/uploads/2026/10/uu-dai-va-ho-tro-nguoi-benh.webp
1689	1718	tuyen-dung.webp	https://mathanoibacninh.com/wp-content/uploads/2026/10/tuyen-dung.webp
